-- phpMyAdmin SQL Dump
-- version 5.2.1
-- https://www.phpmyadmin.net/
--
-- Host: 127.0.0.1
-- Waktu pembuatan: 05 Bulan Mei 2026 pada 03.57
-- Versi server: 10.4.32-MariaDB
-- Versi PHP: 8.2.12

SET SQL_MODE = "NO_AUTO_VALUE_ON_ZERO";
START TRANSACTION;
SET time_zone = "+00:00";


/*!40101 SET @OLD_CHARACTER_SET_CLIENT=@@CHARACTER_SET_CLIENT */;
/*!40101 SET @OLD_CHARACTER_SET_RESULTS=@@CHARACTER_SET_RESULTS */;
/*!40101 SET @OLD_COLLATION_CONNECTION=@@COLLATION_CONNECTION */;
/*!40101 SET NAMES utf8mb4 */;

--
-- Database: `db_stok_umkm`
--

-- --------------------------------------------------------

--
-- Struktur dari tabel `analisis_stok`
--

CREATE TABLE `analisis_stok` (
  `id` int(11) NOT NULL,
  `barang_id` int(11) DEFAULT NULL,
  `hasil_forecasting_periode_depan` int(11) DEFAULT NULL,
  `hasil_eoq` int(11) DEFAULT NULL,
  `hasil_rop` int(11) DEFAULT NULL,
  `tanggal_hitung` date DEFAULT NULL
) ENGINE=InnoDB DEFAULT CHARSET=utf8mb4 COLLATE=utf8mb4_general_ci;

-- --------------------------------------------------------

--
-- Struktur dari tabel `barang`
--

CREATE TABLE `barang` (
  `id` int(11) NOT NULL,
  `kode_barang` varchar(20) NOT NULL,
  `nama_barang` varchar(100) NOT NULL,
  `stok_sekarang` int(11) DEFAULT 0,
  `satuan` varchar(20) DEFAULT 'pcs',
  `harga_jual` decimal(12,2) NOT NULL,
  `biaya_pesan_per_order` decimal(12,2) DEFAULT 0.00,
  `biaya_simpan_per_unit_tahun` decimal(12,2) DEFAULT 0.00,
  `lead_time_hari` int(11) DEFAULT 1,
  `safety_stock` int(11) DEFAULT 0,
  `updated_at` timestamp NOT NULL DEFAULT current_timestamp() ON UPDATE current_timestamp(),
  `biaya_pesan` int(11) NOT NULL DEFAULT 0,
  `biaya_simpan` int(11) NOT NULL DEFAULT 0,
  `lead_time` int(11) NOT NULL DEFAULT 0,
  `nama_supplier` varchar(100) DEFAULT NULL,
  `wa_supplier` varchar(20) DEFAULT NULL
) ENGINE=InnoDB DEFAULT CHARSET=utf8mb4 COLLATE=utf8mb4_general_ci;

--
-- Dumping data untuk tabel `barang`
--

INSERT INTO `barang` (`id`, `kode_barang`, `nama_barang`, `stok_sekarang`, `satuan`, `harga_jual`, `biaya_pesan_per_order`, `biaya_simpan_per_unit_tahun`, `lead_time_hari`, `safety_stock`, `updated_at`, `biaya_pesan`, `biaya_simpan`, `lead_time`, `nama_supplier`, `wa_supplier`) VALUES
(1, '001', 'Keripik Mbote', 50, 'Kg', 15000.00, 20000.00, 15000.00, 20, 0, '2026-04-24 00:40:56', 15000, 10000, 3, 'Toko Jaya', '085777640380'),
(2, '003', 'Kurma Sukari', 0, 'Dus', 75000.00, 15000.00, 20000.00, 3, 0, '2026-04-24 04:25:42', 50000, 10000, 10, 'Toko Jaya', '085777640380'),
(3, '002', 'Keripik Usus', 39, 'Kg', 35000.00, 0.00, 10000.00, 3, 0, '2026-04-24 00:40:33', 15000, 10000, 6, 'Toko Jaya', '085777640380'),
(4, '004', 'Keripik seblak', 46, 'Kg', 15000.00, 0.00, 10000.00, 2, 0, '2026-04-24 00:40:21', 15000, 5000, 3, 'Toko Jaya', '085777640380'),
(5, '', 'NASI', 0, 'Pcs', 5000.00, 0.00, 0.00, 1, 0, '2026-04-24 00:40:04', 3000, 3000, 3, 'Toko Jaya', '085777640380'),
(7, 'BRG1776395265', 'Jeruk', 98, 'Dus', 12000.00, 0.00, 0.00, 1, 0, '2026-04-24 00:39:41', 50000, 20000, 7, 'Toko Jaya', '085777640380'),
(8, 'BRG1776395318', 'Kacang Mete', 8, 'Pack', 150000.00, 0.00, 0.00, 1, 0, '2026-04-28 02:10:31', 30000, 5000, 4, 'Toko Jaya', '085777640380'),
(9, 'BRG1776656155', 'Jus ', 0, 'Pcs', 10000.00, 0.00, 0.00, 1, 0, '2026-04-24 00:32:18', 20000, 100000, 4, 'Toko Jaya', '085777640380');

-- --------------------------------------------------------

--
-- Struktur dari tabel `detail_transaksi`
--

CREATE TABLE `detail_transaksi` (
  `id` int(11) NOT NULL,
  `transaksi_id` int(11) DEFAULT NULL,
  `barang_id` int(11) DEFAULT NULL,
  `jumlah_terjual` int(11) NOT NULL,
  `harga_satuan` int(11) DEFAULT NULL,
  `subtotal` decimal(12,2) DEFAULT NULL
) ENGINE=InnoDB DEFAULT CHARSET=utf8mb4 COLLATE=utf8mb4_general_ci;

--
-- Dumping data untuk tabel `detail_transaksi`
--

INSERT INTO `detail_transaksi` (`id`, `transaksi_id`, `barang_id`, `jumlah_terjual`, `harga_satuan`, `subtotal`) VALUES
(1, 1, 1, 1, NULL, 15000.00),
(2, 1, 2, 1, NULL, 75000.00),
(3, 2, 2, 10, NULL, 750000.00),
(4, 2, 1, 12, NULL, 180000.00),
(5, 8, 1, 3, 15000, 45000.00),
(6, 8, 4, 2, 15000, 30000.00),
(7, 9, 1, 6, 15000, 90000.00),
(8, 10, 1, 1, 15000, 15000.00),
(9, 11, 3, 10, 35000, 350000.00),
(10, 12, 4, 1, 15000, 7500.00),
(11, 12, 3, 1, 35000, 35000.00),
(12, 13, 3, 1, 35000, 17500.00),
(13, 14, 4, 1, 15000, 15000.00),
(14, 15, 2, 1, 75000, 37500.00),
(15, 15, 3, 0, 35000, 3500.00),
(16, 16, 2, 10, 75000, 750000.00),
(17, 17, 4, 1, 15000, 15000.00),
(18, 18, 4, 0, 15000, 1500.00),
(19, 18, 7, 1, 12000, 12000.00),
(20, 19, 5, 5, 5000, 25000.00),
(21, 20, 7, 1, 12000, 12000.00),
(22, 21, 5, 4, 5000, 20000.00),
(23, 22, 5, 1, 5000, 5000.00),
(24, 23, 9, 19, 10000, 190000.00),
(25, 24, 9, 1, 10000, 10000.00),
(208, 209, 9, 1, 10000, 10000.00),
(209, 210, 1, 4, 15000, 60000.00),
(210, 211, 9, 2, 10000, 20000.00),
(211, 212, 9, 3, 10000, 30000.00),
(212, 213, 5, 1, 15000, 15000.00),
(213, 214, 9, 4, 10000, 40000.00),
(214, 215, 2, 2, 60000, 120000.00),
(215, 216, 7, 1, 20000, 20000.00),
(216, 217, 2, 2, 60000, 120000.00),
(217, 218, 9, 2, 10000, 20000.00),
(218, 219, 8, 4, 50000, 200000.00),
(219, 220, 9, 1, 10000, 10000.00),
(220, 221, 1, 3, 15000, 45000.00),
(221, 222, 5, 3, 15000, 45000.00),
(222, 223, 1, 2, 15000, 30000.00),
(223, 224, 8, 2, 50000, 100000.00),
(224, 225, 1, 2, 15000, 30000.00),
(225, 226, 3, 3, 12000, 36000.00),
(226, 227, 7, 3, 20000, 60000.00),
(227, 228, 5, 3, 15000, 45000.00),
(228, 229, 8, 1, 50000, 50000.00),
(229, 230, 1, 2, 15000, 30000.00),
(230, 231, 8, 2, 50000, 100000.00),
(231, 232, 7, 1, 20000, 20000.00),
(232, 233, 9, 1, 10000, 10000.00),
(233, 234, 2, 4, 60000, 240000.00),
(234, 235, 7, 2, 20000, 40000.00),
(235, 236, 7, 4, 20000, 80000.00),
(236, 237, 5, 1, 15000, 15000.00),
(237, 238, 1, 3, 15000, 45000.00),
(238, 239, 9, 2, 10000, 20000.00),
(239, 240, 7, 1, 20000, 20000.00),
(240, 241, 8, 4, 50000, 200000.00),
(241, 242, 2, 3, 60000, 180000.00),
(242, 243, 3, 2, 12000, 24000.00),
(243, 244, 1, 3, 15000, 45000.00),
(244, 245, 3, 4, 12000, 48000.00),
(245, 246, 7, 1, 20000, 20000.00),
(246, 247, 8, 2, 50000, 100000.00),
(247, 248, 9, 4, 10000, 40000.00),
(248, 249, 1, 4, 15000, 60000.00),
(249, 250, 5, 3, 15000, 45000.00),
(250, 251, 5, 3, 15000, 45000.00),
(251, 252, 8, 3, 50000, 150000.00),
(252, 253, 8, 2, 50000, 100000.00),
(253, 254, 3, 3, 12000, 36000.00),
(254, 255, 9, 3, 10000, 30000.00),
(255, 256, 5, 4, 15000, 60000.00),
(256, 257, 9, 2, 10000, 20000.00),
(257, 258, 3, 4, 12000, 48000.00),
(258, 259, 7, 2, 20000, 40000.00),
(259, 260, 7, 1, 20000, 20000.00),
(260, 261, 1, 4, 15000, 60000.00),
(261, 262, 8, 2, 50000, 100000.00),
(262, 263, 7, 4, 20000, 80000.00),
(263, 264, 5, 4, 15000, 60000.00),
(264, 265, 7, 1, 20000, 20000.00),
(265, 266, 7, 3, 20000, 60000.00),
(266, 267, 9, 4, 10000, 40000.00),
(267, 268, 9, 1, 10000, 10000.00),
(268, 269, 2, 1, 60000, 60000.00),
(269, 270, 1, 1, 15000, 15000.00),
(270, 271, 5, 2, 15000, 30000.00),
(271, 272, 7, 4, 20000, 80000.00),
(272, 273, 9, 4, 10000, 40000.00),
(273, 274, 8, 2, 50000, 100000.00),
(274, 275, 9, 4, 10000, 40000.00),
(275, 276, 3, 4, 12000, 48000.00),
(276, 277, 2, 1, 60000, 60000.00),
(277, 278, 9, 3, 10000, 30000.00),
(278, 279, 1, 2, 15000, 30000.00),
(279, 280, 9, 4, 10000, 40000.00),
(280, 281, 7, 3, 20000, 60000.00),
(281, 282, 2, 3, 60000, 180000.00),
(282, 283, 3, 3, 12000, 36000.00),
(283, 284, 5, 4, 15000, 60000.00),
(284, 285, 8, 3, 50000, 150000.00),
(285, 286, 9, 1, 10000, 10000.00),
(286, 287, 9, 4, 10000, 40000.00),
(287, 288, 9, 2, 10000, 20000.00),
(288, 289, 3, 1, 12000, 12000.00),
(289, 290, 9, 1, 10000, 10000.00),
(290, 291, 9, 3, 10000, 30000.00),
(291, 292, 8, 3, 50000, 150000.00),
(292, 293, 7, 3, 20000, 60000.00),
(293, 294, 5, 3, 15000, 45000.00),
(294, 295, 3, 4, 12000, 48000.00),
(295, 296, 2, 1, 60000, 60000.00),
(296, 297, 5, 3, 15000, 45000.00),
(297, 298, 3, 3, 12000, 36000.00),
(298, 299, 8, 3, 50000, 150000.00),
(299, 300, 1, 2, 15000, 30000.00),
(300, 301, 2, 3, 60000, 180000.00),
(301, 302, 3, 2, 12000, 24000.00),
(302, 303, 7, 2, 20000, 40000.00),
(303, 304, 5, 2, 15000, 30000.00),
(304, 305, 1, 3, 15000, 45000.00),
(305, 306, 3, 2, 12000, 24000.00),
(306, 307, 2, 2, 60000, 120000.00),
(307, 308, 5, 4, 15000, 60000.00),
(308, 309, 3, 1, 12000, 12000.00),
(309, 310, 7, 2, 20000, 40000.00),
(310, 311, 8, 1, 50000, 50000.00),
(311, 312, 7, 1, 20000, 20000.00),
(312, 313, 8, 3, 50000, 150000.00),
(313, 314, 5, 2, 15000, 30000.00),
(314, 315, 5, 1, 15000, 15000.00),
(315, 316, 2, 2, 60000, 120000.00),
(316, 317, 3, 3, 12000, 36000.00),
(317, 318, 5, 1, 15000, 15000.00),
(318, 319, 1, 3, 15000, 45000.00),
(319, 320, 3, 2, 12000, 24000.00),
(320, 321, 5, 4, 15000, 60000.00),
(321, 322, 7, 4, 20000, 80000.00),
(322, 323, 3, 2, 12000, 24000.00),
(323, 324, 9, 4, 10000, 40000.00),
(324, 325, 3, 3, 12000, 36000.00),
(325, 326, 9, 2, 10000, 20000.00),
(326, 327, 8, 3, 50000, 150000.00),
(327, 328, 8, 2, 50000, 100000.00),
(328, 329, 2, 4, 60000, 240000.00),
(329, 330, 8, 3, 50000, 150000.00),
(330, 331, 8, 2, 50000, 100000.00),
(331, 332, 3, 3, 12000, 36000.00),
(332, 333, 5, 1, 15000, 15000.00),
(333, 334, 2, 3, 60000, 180000.00),
(334, 335, 5, 1, 15000, 15000.00),
(335, 336, 1, 3, 15000, 45000.00),
(336, 337, 3, 1, 12000, 12000.00),
(337, 338, 2, 1, 60000, 60000.00),
(338, 339, 2, 3, 60000, 180000.00),
(339, 340, 9, 3, 10000, 30000.00),
(340, 341, 2, 3, 60000, 180000.00),
(341, 342, 5, 4, 15000, 60000.00),
(342, 343, 8, 3, 50000, 150000.00),
(343, 344, 9, 4, 10000, 40000.00),
(344, 345, 1, 3, 15000, 45000.00),
(345, 346, 5, 3, 15000, 45000.00),
(346, 347, 8, 3, 50000, 150000.00),
(347, 348, 2, 1, 60000, 60000.00),
(348, 349, 3, 4, 12000, 48000.00),
(349, 350, 3, 2, 12000, 24000.00),
(350, 351, 5, 3, 15000, 45000.00),
(351, 352, 1, 1, 15000, 15000.00),
(352, 353, 7, 2, 20000, 40000.00),
(353, 354, 7, 4, 20000, 80000.00),
(354, 355, 9, 2, 10000, 20000.00),
(355, 356, 9, 3, 10000, 30000.00),
(356, 357, 2, 1, 60000, 60000.00),
(357, 358, 9, 1, 10000, 10000.00),
(358, 359, 2, 3, 60000, 180000.00),
(359, 360, 1, 2, 15000, 30000.00),
(360, 361, 3, 4, 12000, 48000.00),
(361, 362, 8, 3, 50000, 150000.00),
(362, 363, 2, 1, 60000, 60000.00),
(363, 364, 5, 4, 15000, 60000.00),
(364, 365, 1, 3, 15000, 45000.00),
(365, 366, 7, 3, 20000, 60000.00),
(366, 367, 9, 4, 10000, 40000.00),
(367, 368, 5, 3, 15000, 45000.00),
(368, 369, 7, 3, 20000, 60000.00),
(369, 370, 1, 4, 15000, 60000.00),
(370, 371, 5, 4, 15000, 60000.00),
(371, 372, 2, 2, 60000, 120000.00),
(372, 373, 1, 2, 15000, 30000.00),
(373, 374, 2, 3, 60000, 180000.00),
(374, 375, 2, 3, 60000, 180000.00),
(375, 376, 3, 3, 12000, 36000.00),
(376, 377, 1, 3, 15000, 45000.00),
(377, 378, 7, 4, 20000, 80000.00),
(378, 379, 7, 2, 20000, 40000.00),
(379, 380, 9, 4, 10000, 40000.00),
(380, 381, 3, 3, 12000, 36000.00),
(381, 382, 2, 1, 60000, 60000.00),
(382, 383, 3, 3, 12000, 36000.00),
(383, 384, 5, 1, 15000, 15000.00),
(384, 385, 2, 4, 60000, 240000.00),
(385, 386, 2, 4, 60000, 240000.00),
(386, 387, 5, 4, 15000, 60000.00),
(387, 388, 7, 3, 20000, 60000.00),
(388, 389, 8, 1, 50000, 50000.00),
(389, 390, 9, 1, 10000, 10000.00),
(390, 391, 1, 4, 15000, 60000.00),
(391, 392, 1, 4, 15000, 60000.00),
(392, 393, 1, 3, 15000, 45000.00),
(393, 394, 8, 1, 50000, 50000.00),
(394, 395, 2, 1, 60000, 60000.00),
(395, 396, 9, 4, 10000, 40000.00),
(396, 397, 1, 3, 15000, 45000.00),
(397, 398, 3, 3, 12000, 36000.00),
(398, 399, 9, 2, 10000, 20000.00),
(399, 400, 7, 4, 20000, 80000.00),
(400, 401, 8, 1, 50000, 50000.00),
(401, 402, 2, 2, 60000, 120000.00),
(402, 403, 5, 4, 15000, 60000.00),
(403, 404, 5, 4, 15000, 60000.00),
(404, 405, 2, 4, 60000, 240000.00),
(405, 406, 3, 3, 12000, 36000.00),
(406, 407, 5, 4, 15000, 60000.00),
(407, 408, 5, 1, 15000, 15000.00),
(408, 409, 3, 3, 12000, 36000.00),
(409, 410, 8, 4, 50000, 200000.00),
(410, 411, 1, 1, 15000, 15000.00),
(411, 412, 8, 4, 50000, 200000.00),
(412, 413, 8, 1, 50000, 50000.00),
(413, 414, 9, 4, 10000, 40000.00),
(414, 415, 1, 1, 15000, 15000.00),
(415, 416, 9, 3, 10000, 30000.00),
(416, 417, 2, 2, 60000, 120000.00),
(417, 418, 9, 1, 10000, 10000.00),
(418, 419, 1, 1, 15000, 15000.00),
(419, 420, 7, 2, 20000, 40000.00),
(420, 421, 8, 2, 50000, 100000.00),
(421, 422, 8, 1, 50000, 50000.00),
(422, 423, 1, 2, 15000, 30000.00),
(423, 424, 8, 3, 50000, 150000.00),
(424, 425, 3, 1, 12000, 12000.00),
(425, 426, 3, 1, 12000, 12000.00),
(426, 427, 3, 4, 12000, 48000.00),
(427, 428, 8, 1, 50000, 50000.00),
(428, 429, 1, 3, 15000, 45000.00),
(429, 430, 9, 3, 10000, 30000.00),
(430, 431, 1, 1, 15000, 15000.00),
(431, 432, 5, 2, 15000, 30000.00),
(432, 433, 5, 2, 15000, 30000.00),
(433, 434, 5, 1, 15000, 15000.00),
(434, 435, 1, 2, 15000, 30000.00),
(435, 436, 5, 1, 15000, 15000.00),
(436, 437, 9, 2, 10000, 20000.00),
(437, 438, 8, 1, 50000, 50000.00),
(438, 439, 7, 2, 20000, 40000.00),
(439, 440, 1, 32, 15000, 480000.00),
(440, 441, 9, 4, 10000, 40000.00),
(441, 442, 7, 1, 20000, 20000.00),
(442, 443, 1, 18, 15000, 270000.00),
(443, 444, 3, 2, 12000, 24000.00),
(444, 445, 8, 17, 50000, 850000.00),
(445, 446, 5, 4, 15000, 60000.00),
(446, 447, 8, 32, 50000, 1600000.00),
(447, 448, 2, 33, 60000, 1980000.00),
(448, 449, 9, 1, 10000, 10000.00),
(449, 450, 3, 3, 12000, 36000.00),
(450, 451, 8, 23, 50000, 1150000.00),
(451, 452, 5, 4, 15000, 60000.00),
(452, 453, 5, 3, 15000, 45000.00),
(453, 454, 5, 3, 15000, 45000.00),
(454, 455, 1, 18, 15000, 270000.00),
(455, 456, 8, 29, 50000, 1450000.00),
(456, 457, 5, 1, 15000, 15000.00),
(457, 458, 2, 39, 60000, 2340000.00),
(458, 459, 9, 1, 10000, 10000.00),
(459, 460, 2, 35, 60000, 2100000.00),
(460, 461, 9, 2, 10000, 20000.00),
(461, 462, 8, 38, 50000, 1900000.00),
(462, 463, 1, 33, 15000, 495000.00),
(463, 464, 5, 3, 15000, 45000.00),
(464, 465, 5, 3, 15000, 45000.00),
(465, 466, 8, 31, 50000, 1550000.00),
(466, 467, 8, 16, 50000, 800000.00),
(467, 468, 9, 3, 10000, 30000.00),
(468, 469, 7, 1, 20000, 20000.00),
(469, 470, 5, 3, 15000, 45000.00),
(470, 471, 3, 4, 12000, 48000.00),
(471, 472, 1, 32, 15000, 480000.00),
(472, 473, 2, 44, 60000, 2640000.00),
(473, 474, 9, 3, 10000, 30000.00),
(474, 475, 9, 4, 10000, 40000.00),
(475, 476, 3, 1, 12000, 12000.00),
(476, 477, 7, 2, 20000, 40000.00),
(477, 478, 5, 3, 15000, 45000.00),
(478, 479, 1, 43, 15000, 645000.00),
(479, 480, 1, 32, 15000, 480000.00),
(480, 481, 5, 3, 15000, 45000.00),
(481, 482, 1, 39, 15000, 585000.00),
(482, 483, 9, 2, 10000, 20000.00),
(483, 484, 8, 45, 50000, 2250000.00),
(484, 485, 8, 39, 50000, 1950000.00),
(485, 486, 1, 32, 15000, 480000.00),
(486, 487, 1, 34, 15000, 510000.00),
(487, 488, 7, 3, 20000, 60000.00),
(488, 489, 8, 23, 50000, 1150000.00),
(489, 490, 9, 4, 10000, 40000.00),
(490, 491, 8, 31, 50000, 1550000.00),
(491, 492, 8, 44, 50000, 2200000.00),
(492, 493, 8, 38, 50000, 1900000.00),
(493, 494, 3, 3, 12000, 36000.00),
(494, 495, 2, 40, 60000, 2400000.00),
(495, 496, 9, 2, 10000, 20000.00),
(496, 497, 3, 1, 12000, 12000.00),
(497, 498, 5, 4, 15000, 60000.00),
(498, 499, 5, 2, 15000, 30000.00),
(499, 500, 8, 24, 50000, 1200000.00),
(500, 501, 5, 4, 15000, 60000.00),
(501, 502, 5, 2, 15000, 30000.00),
(502, 503, 3, 4, 12000, 48000.00),
(503, 504, 1, 39, 15000, 585000.00),
(504, 505, 9, 1, 10000, 10000.00),
(505, 506, 1, 27, 15000, 405000.00),
(506, 507, 8, 31, 50000, 1550000.00),
(507, 508, 8, 24, 50000, 1200000.00),
(508, 509, 9, 4, 10000, 40000.00),
(509, 510, 1, 24, 15000, 360000.00),
(510, 511, 2, 18, 60000, 1080000.00),
(511, 512, 1, 19, 15000, 285000.00),
(512, 513, 5, 3, 15000, 45000.00),
(513, 514, 2, 26, 60000, 1560000.00),
(514, 515, 1, 28, 15000, 420000.00),
(515, 516, 3, 4, 12000, 48000.00),
(516, 517, 5, 2, 15000, 30000.00),
(517, 518, 5, 4, 15000, 60000.00),
(518, 519, 9, 1, 10000, 10000.00),
(519, 520, 8, 21, 50000, 1050000.00),
(520, 521, 2, 35, 60000, 2100000.00),
(521, 522, 2, 40, 60000, 2400000.00),
(522, 523, 8, 27, 50000, 1350000.00),
(523, 524, 8, 34, 50000, 1700000.00),
(524, 525, 5, 2, 15000, 30000.00),
(525, 526, 5, 4, 15000, 60000.00),
(526, 527, 7, 4, 20000, 80000.00),
(527, 528, 9, 4, 10000, 40000.00),
(528, 529, 1, 22, 15000, 330000.00),
(529, 530, 9, 2, 10000, 20000.00),
(530, 531, 5, 1, 15000, 15000.00),
(531, 532, 1, 19, 15000, 285000.00),
(532, 533, 5, 3, 15000, 45000.00),
(533, 534, 1, 19, 15000, 285000.00),
(534, 535, 5, 2, 15000, 30000.00),
(535, 536, 8, 23, 50000, 1150000.00),
(536, 537, 3, 3, 12000, 36000.00),
(537, 538, 3, 3, 12000, 36000.00),
(538, 539, 9, 3, 10000, 30000.00),
(539, 540, 8, 38, 50000, 1900000.00),
(540, 541, 2, 30, 60000, 1800000.00),
(541, 542, 2, 40, 60000, 2400000.00),
(542, 543, 2, 19, 60000, 1140000.00),
(543, 544, 5, 3, 15000, 45000.00),
(544, 545, 7, 4, 20000, 80000.00),
(545, 546, 1, 43, 15000, 645000.00),
(546, 547, 1, 31, 15000, 465000.00),
(547, 548, 5, 4, 15000, 60000.00),
(548, 549, 1, 26, 15000, 390000.00),
(549, 550, 8, 26, 50000, 1300000.00),
(550, 551, 3, 2, 12000, 24000.00),
(551, 552, 9, 4, 10000, 40000.00),
(552, 553, 7, 1, 20000, 20000.00),
(553, 554, 5, 4, 15000, 60000.00),
(554, 555, 7, 3, 20000, 60000.00),
(555, 556, 9, 1, 10000, 10000.00),
(556, 557, 3, 4, 12000, 48000.00),
(557, 558, 5, 4, 15000, 60000.00),
(558, 559, 3, 3, 12000, 36000.00),
(559, 560, 8, 24, 50000, 1200000.00),
(560, 561, 9, 2, 10000, 20000.00),
(561, 562, 8, 39, 50000, 1950000.00),
(562, 563, 3, 2, 12000, 24000.00),
(563, 564, 8, 18, 50000, 900000.00),
(564, 565, 1, 32, 15000, 480000.00),
(565, 566, 3, 4, 12000, 48000.00),
(566, 567, 3, 1, 12000, 12000.00),
(567, 568, 7, 1, 20000, 20000.00),
(568, 569, 9, 1, 10000, 10000.00),
(569, 570, 1, 43, 15000, 645000.00),
(570, 571, 1, 26, 15000, 390000.00),
(571, 572, 1, 27, 15000, 405000.00),
(572, 573, 8, 44, 50000, 2200000.00),
(573, 574, 3, 4, 12000, 48000.00),
(574, 575, 5, 1, 15000, 15000.00),
(575, 576, 2, 25, 60000, 1500000.00),
(576, 577, 8, 38, 50000, 1900000.00),
(577, 578, 3, 4, 12000, 48000.00),
(578, 579, 1, 19, 15000, 285000.00),
(579, 580, 5, 3, 15000, 45000.00),
(580, 581, 8, 21, 50000, 1050000.00),
(581, 582, 8, 23, 50000, 1150000.00),
(582, 583, 5, 3, 15000, 45000.00),
(583, 584, 8, 39, 50000, 1950000.00),
(584, 585, 1, 35, 15000, 525000.00),
(585, 586, 1, 30, 15000, 450000.00),
(586, 587, 9, 2, 10000, 20000.00),
(587, 588, 2, 26, 60000, 1560000.00),
(588, 589, 5, 2, 15000, 30000.00),
(589, 590, 9, 2, 10000, 20000.00),
(590, 591, 9, 1, 10000, 10000.00),
(591, 592, 2, 37, 60000, 2220000.00),
(592, 593, 5, 3, 15000, 45000.00),
(593, 594, 2, 28, 60000, 1680000.00),
(594, 595, 9, 1, 10000, 10000.00),
(595, 596, 9, 2, 10000, 20000.00),
(596, 597, 7, 1, 20000, 20000.00),
(597, 598, 9, 3, 10000, 30000.00),
(598, 599, 5, 3, 15000, 45000.00),
(599, 600, 1, 33, 15000, 495000.00),
(600, 601, 5, 2, 15000, 30000.00),
(601, 602, 7, 1, 20000, 20000.00),
(602, 603, 9, 2, 10000, 20000.00),
(603, 604, 1, 32, 15000, 480000.00),
(604, 605, 3, 2, 12000, 24000.00),
(605, 606, 5, 2, 15000, 30000.00),
(606, 607, 5, 4, 15000, 60000.00),
(607, 608, 2, 32, 60000, 1920000.00),
(608, 609, 3, 3, 12000, 36000.00),
(609, 610, 9, 2, 10000, 20000.00),
(610, 611, 8, 32, 50000, 1600000.00),
(611, 612, 2, 24, 60000, 1440000.00),
(612, 613, 2, 26, 60000, 1560000.00),
(613, 614, 9, 2, 10000, 20000.00),
(614, 615, 3, 4, 12000, 48000.00),
(615, 616, 2, 29, 60000, 1740000.00),
(616, 617, 8, 39, 50000, 1950000.00),
(617, 618, 1, 42, 15000, 630000.00),
(618, 619, 2, 33, 60000, 1980000.00),
(619, 620, 7, 4, 20000, 80000.00),
(620, 621, 7, 4, 20000, 80000.00),
(621, 622, 8, 15, 50000, 750000.00),
(622, 623, 1, 39, 15000, 585000.00),
(623, 624, 8, 41, 50000, 2050000.00),
(624, 625, 5, 1, 15000, 15000.00),
(625, 626, 5, 4, 15000, 60000.00),
(626, 627, 8, 17, 50000, 850000.00),
(627, 628, 2, 15, 60000, 900000.00),
(628, 629, 7, 4, 20000, 80000.00),
(629, 630, 2, 38, 60000, 2280000.00),
(630, 631, 9, 1, 10000, 10000.00),
(631, 632, 2, 41, 60000, 2460000.00),
(632, 633, 9, 2, 10000, 20000.00),
(633, 634, 7, 3, 20000, 60000.00),
(634, 635, 7, 3, 20000, 60000.00),
(635, 636, 3, 1, 12000, 12000.00),
(636, 637, 8, 22, 50000, 1100000.00),
(637, 638, 3, 4, 12000, 48000.00),
(638, 639, 8, 15, 50000, 750000.00),
(639, 640, 9, 1, 10000, 10000.00),
(640, 641, 8, 19, 50000, 950000.00),
(641, 642, 9, 4, 10000, 40000.00),
(642, 643, 7, 4, 20000, 80000.00),
(643, 644, 9, 1, 10000, 10000.00),
(644, 645, 8, 25, 50000, 1250000.00),
(645, 646, 9, 1, 10000, 10000.00),
(646, 647, 2, 24, 60000, 1440000.00),
(647, 648, 8, 30, 50000, 1500000.00),
(648, 649, 3, 1, 12000, 12000.00),
(649, 650, 8, 28, 50000, 1400000.00),
(650, 651, 5, 4, 15000, 60000.00),
(651, 652, 3, 3, 12000, 36000.00),
(652, 653, 1, 35, 15000, 525000.00),
(653, 654, 5, 4, 15000, 60000.00),
(654, 655, 3, 4, 12000, 48000.00),
(655, 656, 9, 1, 10000, 10000.00),
(656, 657, 8, 41, 50000, 2050000.00),
(657, 658, 9, 4, 10000, 40000.00),
(658, 659, 2, 32, 60000, 1920000.00),
(659, 660, 9, 1, 10000, 10000.00),
(660, 661, 1, 45, 15000, 675000.00),
(661, 662, 2, 33, 60000, 1980000.00),
(662, 663, 2, 22, 60000, 1320000.00),
(663, 664, 8, 34, 50000, 1700000.00),
(664, 665, 2, 19, 60000, 1140000.00),
(665, 666, 3, 1, 12000, 12000.00),
(666, 667, 7, 3, 20000, 60000.00),
(667, 668, 9, 4, 10000, 40000.00),
(668, 669, 5, 3, 15000, 45000.00),
(669, 670, 8, 32, 50000, 1600000.00),
(670, 671, 7, 3, 20000, 60000.00),
(671, 672, 5, 3, 15000, 45000.00),
(672, 673, 7, 4, 20000, 80000.00),
(673, 674, 5, 4, 15000, 60000.00),
(674, 675, 9, 4, 10000, 40000.00),
(675, 676, 5, 2, 15000, 30000.00),
(676, 677, 7, 4, 20000, 80000.00),
(677, 678, 9, 1, 10000, 10000.00),
(678, 679, 3, 1, 12000, 12000.00),
(679, 680, 9, 1, 10000, 10000.00),
(680, 681, 9, 2, 10000, 20000.00),
(681, 682, 1, 38, 15000, 570000.00),
(682, 683, 5, 1, 15000, 15000.00),
(683, 684, 9, 4, 10000, 40000.00),
(684, 685, 9, 1, 10000, 10000.00),
(685, 686, 3, 4, 12000, 48000.00),
(686, 687, 1, 34, 15000, 510000.00),
(687, 688, 2, 38, 60000, 2280000.00),
(688, 689, 9, 2, 10000, 20000.00),
(689, 690, 9, 3, 10000, 30000.00),
(690, 691, 8, 36, 50000, 1800000.00),
(691, 692, 5, 1, 15000, 15000.00),
(692, 693, 9, 1, 10000, 10000.00),
(693, 694, 8, 1, 50000, 50000.00),
(694, 695, 5, 1, 15000, 15000.00),
(695, 696, 5, 2, 15000, 30000.00),
(696, 697, 8, 2, 50000, 100000.00),
(697, 698, 8, 1, 50000, 50000.00),
(698, 699, 2, 4, 60000, 240000.00),
(699, 700, 5, 1, 15000, 15000.00),
(700, 701, 2, 4, 60000, 240000.00),
(701, 702, 7, 2, 20000, 40000.00),
(702, 703, 3, 3, 12000, 36000.00),
(703, 704, 7, 2, 20000, 40000.00),
(704, 705, 3, 3, 12000, 36000.00),
(705, 706, 8, 4, 50000, 200000.00),
(706, 707, 8, 2, 50000, 100000.00),
(707, 708, 2, 3, 60000, 180000.00),
(708, 709, 2, 4, 60000, 240000.00),
(709, 710, 2, 4, 60000, 240000.00),
(710, 711, 9, 2, 10000, 20000.00),
(711, 712, 9, 2, 10000, 20000.00),
(712, 713, 1, 4, 15000, 60000.00),
(713, 714, 3, 2, 12000, 24000.00),
(714, 715, 5, 1, 15000, 15000.00),
(715, 716, 3, 3, 12000, 36000.00),
(716, 717, 2, 1, 60000, 60000.00),
(717, 718, 8, 2, 50000, 100000.00),
(718, 719, 5, 2, 15000, 30000.00),
(719, 720, 9, 1, 10000, 10000.00),
(720, 721, 5, 1, 15000, 15000.00),
(721, 722, 1, 1, 15000, 15000.00),
(722, 723, 2, 1, 60000, 60000.00),
(723, 724, 2, 2, 60000, 120000.00),
(724, 725, 8, 4, 50000, 200000.00),
(725, 726, 1, 3, 15000, 45000.00),
(726, 727, 2, 1, 60000, 60000.00),
(727, 728, 1, 3, 15000, 45000.00),
(728, 729, 8, 4, 50000, 200000.00),
(729, 730, 1, 1, 15000, 15000.00),
(730, 731, 7, 2, 20000, 40000.00),
(731, 732, 2, 2, 60000, 120000.00),
(732, 733, 8, 3, 50000, 150000.00),
(733, 734, 2, 3, 60000, 180000.00),
(734, 735, 8, 3, 50000, 150000.00),
(735, 736, 7, 3, 20000, 60000.00),
(736, 737, 7, 2, 20000, 40000.00),
(737, 738, 2, 10, 75000, 750000.00),
(738, 739, 2, 69, 75000, 5175000.00),
(739, 740, 8, 1, 150000, 150000.00),
(740, 741, 8, 1, 150000, 150000.00);

-- --------------------------------------------------------

--
-- Struktur dari tabel `transaksi`
--

CREATE TABLE `transaksi` (
  `id` int(11) NOT NULL,
  `user_id` int(11) DEFAULT NULL,
  `no_invoice` varchar(50) DEFAULT NULL,
  `total_bayar` decimal(12,2) DEFAULT NULL,
  `tanggal_transaksi` datetime DEFAULT current_timestamp(),
  `metode_pembayaran` varchar(20) DEFAULT NULL,
  `bayar` decimal(12,2) DEFAULT NULL,
  `kembali` decimal(12,2) DEFAULT NULL
) ENGINE=InnoDB DEFAULT CHARSET=utf8mb4 COLLATE=utf8mb4_general_ci;

--
-- Dumping data untuk tabel `transaksi`
--

INSERT INTO `transaksi` (`id`, `user_id`, `no_invoice`, `total_bayar`, `tanggal_transaksi`, `metode_pembayaran`, `bayar`, `kembali`) VALUES
(1, 2, 'INV-1775536780', 90000.00, '2026-04-07 11:39:40', NULL, NULL, NULL),
(2, 2, 'INV-1775539310', 930000.00, '2026-04-07 12:21:50', NULL, NULL, NULL),
(8, 2, 'INV-1775706874', 75000.00, '2026-04-09 10:54:34', 'Cash', 100000.00, 25000.00),
(9, 2, 'INV-1775707193', 90000.00, '2026-04-09 10:59:53', 'Cash', 100000.00, 10000.00),
(10, 2, 'INV-1775789945', 15000.00, '2026-04-10 09:59:05', 'Cash', 20000.00, 5000.00),
(11, 2, 'INV-1775790572', 350000.00, '2026-04-10 10:09:32', 'Cash', 400000.00, 50000.00),
(12, 2, 'INV-1775791014', 42500.00, '2026-04-10 10:16:54', 'Cash', 50000.00, 7500.00),
(13, 2, 'INV-1775791275', 17500.00, '2026-04-10 10:21:15', 'Cash', 20000.00, 2500.00),
(14, 2, 'INV-1775791510', 15000.00, '2026-04-10 10:25:10', 'TF Bank', 50000.00, 35000.00),
(15, 2, 'INV-1776045393', 41000.00, '2026-04-13 08:56:33', 'Cash', 50000.00, 9000.00),
(16, 2, 'INV-1776045424', 750000.00, '2026-04-13 08:57:04', 'QRIS', 750000.00, 0.00),
(17, 2, 'INV-1776054307', 15000.00, '2026-04-13 11:25:07', 'Cash', 20000.00, 5000.00),
(18, 2, 'INV-1776395792', 13500.00, '2026-04-17 10:16:32', 'QRIS', 14999.00, 1499.00),
(19, 2, 'INV-1776396318', 25000.00, '2026-04-17 10:25:18', 'TF Bank', 25000.00, 0.00),
(20, 2, 'INV-1776656180', 12000.00, '2026-04-20 10:36:20', 'Cash', 15000.00, 3000.00),
(21, 2, 'INV-1776751796', 20000.00, '2026-04-21 13:09:56', 'Cash', 20000.00, 0.00),
(22, 2, 'INV-1776751835', 5000.00, '2026-04-21 13:10:35', 'Cash', 5000.00, 0.00),
(23, 2, 'INV-1776752380', 190000.00, '2026-04-21 13:19:40', 'Cash', 200000.00, 10000.00),
(24, 2, 'INV-1776819663', 10000.00, '2026-04-22 08:01:03', 'Cash', 10000.00, 0.00),
(209, 2, 'INV-CSV-260101-2-8804', 10000.00, '2026-01-01 12:00:00', 'QRIS', 10000.00, 0.00),
(210, 2, 'INV-CSV-260101-3-3805', 60000.00, '2026-01-01 12:00:00', 'QRIS', 60000.00, 0.00),
(211, 2, 'INV-CSV-260101-4-8072', 20000.00, '2026-01-01 12:00:00', 'QRIS', 20000.00, 0.00),
(212, 2, 'INV-CSV-260101-5-6343', 30000.00, '2026-01-01 12:00:00', 'QRIS', 30000.00, 0.00),
(213, 2, 'INV-CSV-260102-6-3406', 15000.00, '2026-01-02 12:00:00', 'Cash', 15000.00, 0.00),
(214, 2, 'INV-CSV-260102-7-9869', 40000.00, '2026-01-02 12:00:00', 'Cash', 40000.00, 0.00),
(215, 2, 'INV-CSV-260102-8-5557', 120000.00, '2026-01-02 12:00:00', 'Cash', 120000.00, 0.00),
(216, 2, 'INV-CSV-260102-9-1039', 20000.00, '2026-01-02 12:00:00', 'Cash', 20000.00, 0.00),
(217, 2, 'INV-CSV-260103-10-1939', 120000.00, '2026-01-03 12:00:00', 'QRIS', 120000.00, 0.00),
(218, 2, 'INV-CSV-260103-11-8776', 20000.00, '2026-01-03 12:00:00', 'Transfer', 20000.00, 0.00),
(219, 2, 'INV-CSV-260103-12-4935', 200000.00, '2026-01-03 12:00:00', 'Cash', 200000.00, 0.00),
(220, 2, 'INV-CSV-260103-13-9267', 10000.00, '2026-01-03 12:00:00', 'Cash', 10000.00, 0.00),
(221, 2, 'INV-CSV-260104-14-6207', 45000.00, '2026-01-04 12:00:00', 'Cash', 45000.00, 0.00),
(222, 2, 'INV-CSV-260104-15-3802', 45000.00, '2026-01-04 12:00:00', 'QRIS', 45000.00, 0.00),
(223, 2, 'INV-CSV-260105-16-8710', 30000.00, '2026-01-05 12:00:00', 'QRIS', 30000.00, 0.00),
(224, 2, 'INV-CSV-260105-17-5991', 100000.00, '2026-01-05 12:00:00', 'Cash', 100000.00, 0.00),
(225, 2, 'INV-CSV-260106-18-4003', 30000.00, '2026-01-06 12:00:00', 'Cash', 30000.00, 0.00),
(226, 2, 'INV-CSV-260106-19-8176', 36000.00, '2026-01-06 12:00:00', 'Cash', 36000.00, 0.00),
(227, 2, 'INV-CSV-260106-20-7558', 60000.00, '2026-01-06 12:00:00', 'Cash', 60000.00, 0.00),
(228, 2, 'INV-CSV-260106-21-9187', 45000.00, '2026-01-06 12:00:00', 'Transfer', 45000.00, 0.00),
(229, 2, 'INV-CSV-260106-22-6914', 50000.00, '2026-01-06 12:00:00', 'Transfer', 50000.00, 0.00),
(230, 2, 'INV-CSV-260107-23-1519', 30000.00, '2026-01-07 12:00:00', 'Cash', 30000.00, 0.00),
(231, 2, 'INV-CSV-260107-24-2684', 100000.00, '2026-01-07 12:00:00', 'QRIS', 100000.00, 0.00),
(232, 2, 'INV-CSV-260107-25-9186', 20000.00, '2026-01-07 12:00:00', 'QRIS', 20000.00, 0.00),
(233, 2, 'INV-CSV-260107-26-5884', 10000.00, '2026-01-07 12:00:00', 'Cash', 10000.00, 0.00),
(234, 2, 'INV-CSV-260107-27-5192', 240000.00, '2026-01-07 12:00:00', 'Cash', 240000.00, 0.00),
(235, 2, 'INV-CSV-260107-28-3254', 40000.00, '2026-01-07 12:00:00', 'Cash', 40000.00, 0.00),
(236, 2, 'INV-CSV-260108-29-8361', 80000.00, '2026-01-08 12:00:00', 'Cash', 80000.00, 0.00),
(237, 2, 'INV-CSV-260108-30-4353', 15000.00, '2026-01-08 12:00:00', 'Cash', 15000.00, 0.00),
(238, 2, 'INV-CSV-260109-31-8376', 45000.00, '2026-01-09 12:00:00', 'Cash', 45000.00, 0.00),
(239, 2, 'INV-CSV-260109-32-9699', 20000.00, '2026-01-09 12:00:00', 'QRIS', 20000.00, 0.00),
(240, 2, 'INV-CSV-260109-33-4853', 20000.00, '2026-01-09 12:00:00', 'Cash', 20000.00, 0.00),
(241, 2, 'INV-CSV-260110-34-9756', 200000.00, '2026-01-10 12:00:00', 'Cash', 200000.00, 0.00),
(242, 2, 'INV-CSV-260110-35-3197', 180000.00, '2026-01-10 12:00:00', 'Transfer', 180000.00, 0.00),
(243, 2, 'INV-CSV-260110-36-7715', 24000.00, '2026-01-10 12:00:00', 'Cash', 24000.00, 0.00),
(244, 2, 'INV-CSV-260110-37-8960', 45000.00, '2026-01-10 12:00:00', 'QRIS', 45000.00, 0.00),
(245, 2, 'INV-CSV-260111-38-1517', 48000.00, '2026-01-11 12:00:00', 'Cash', 48000.00, 0.00),
(246, 2, 'INV-CSV-260111-39-3415', 20000.00, '2026-01-11 12:00:00', 'Cash', 20000.00, 0.00),
(247, 2, 'INV-CSV-260112-40-6561', 100000.00, '2026-01-12 12:00:00', 'Transfer', 100000.00, 0.00),
(248, 2, 'INV-CSV-260112-41-5464', 40000.00, '2026-01-12 12:00:00', 'Cash', 40000.00, 0.00),
(249, 2, 'INV-CSV-260112-42-7601', 60000.00, '2026-01-12 12:00:00', 'Transfer', 60000.00, 0.00),
(250, 2, 'INV-CSV-260112-43-1851', 45000.00, '2026-01-12 12:00:00', 'QRIS', 45000.00, 0.00),
(251, 2, 'INV-CSV-260113-44-4657', 45000.00, '2026-01-13 12:00:00', 'Transfer', 45000.00, 0.00),
(252, 2, 'INV-CSV-260113-45-5515', 150000.00, '2026-01-13 12:00:00', 'Cash', 150000.00, 0.00),
(253, 2, 'INV-CSV-260113-46-6448', 100000.00, '2026-01-13 12:00:00', 'Cash', 100000.00, 0.00),
(254, 2, 'INV-CSV-260113-47-4782', 36000.00, '2026-01-13 12:00:00', 'QRIS', 36000.00, 0.00),
(255, 2, 'INV-CSV-260113-48-4021', 30000.00, '2026-01-13 12:00:00', 'Cash', 30000.00, 0.00),
(256, 2, 'INV-CSV-260113-49-7388', 60000.00, '2026-01-13 12:00:00', 'QRIS', 60000.00, 0.00),
(257, 2, 'INV-CSV-260114-50-8223', 20000.00, '2026-01-14 12:00:00', 'Cash', 20000.00, 0.00),
(258, 2, 'INV-CSV-260114-51-9124', 48000.00, '2026-01-14 12:00:00', 'Cash', 48000.00, 0.00),
(259, 2, 'INV-CSV-260114-52-9620', 40000.00, '2026-01-14 12:00:00', 'Cash', 40000.00, 0.00),
(260, 2, 'INV-CSV-260114-53-5102', 20000.00, '2026-01-14 12:00:00', 'QRIS', 20000.00, 0.00),
(261, 2, 'INV-CSV-260114-54-5178', 60000.00, '2026-01-14 12:00:00', 'QRIS', 60000.00, 0.00),
(262, 2, 'INV-CSV-260115-55-1715', 100000.00, '2026-01-15 12:00:00', 'QRIS', 100000.00, 0.00),
(263, 2, 'INV-CSV-260115-56-6247', 80000.00, '2026-01-15 12:00:00', 'QRIS', 80000.00, 0.00),
(264, 2, 'INV-CSV-260116-57-8821', 60000.00, '2026-01-16 12:00:00', 'QRIS', 60000.00, 0.00),
(265, 2, 'INV-CSV-260116-58-1446', 20000.00, '2026-01-16 12:00:00', 'Cash', 20000.00, 0.00),
(266, 2, 'INV-CSV-260116-59-6445', 60000.00, '2026-01-16 12:00:00', 'Cash', 60000.00, 0.00),
(267, 2, 'INV-CSV-260117-60-1165', 40000.00, '2026-01-17 12:00:00', 'Cash', 40000.00, 0.00),
(268, 2, 'INV-CSV-260117-61-5149', 10000.00, '2026-01-17 12:00:00', 'Cash', 10000.00, 0.00),
(269, 2, 'INV-CSV-260117-62-1963', 60000.00, '2026-01-17 12:00:00', 'Cash', 60000.00, 0.00),
(270, 2, 'INV-CSV-260118-63-8996', 15000.00, '2026-01-18 12:00:00', 'QRIS', 15000.00, 0.00),
(271, 2, 'INV-CSV-260118-64-7914', 30000.00, '2026-01-18 12:00:00', 'Cash', 30000.00, 0.00),
(272, 2, 'INV-CSV-260118-65-1427', 80000.00, '2026-01-18 12:00:00', 'Transfer', 80000.00, 0.00),
(273, 2, 'INV-CSV-260119-66-7262', 40000.00, '2026-01-19 12:00:00', 'Cash', 40000.00, 0.00),
(274, 2, 'INV-CSV-260119-67-8259', 100000.00, '2026-01-19 12:00:00', 'Cash', 100000.00, 0.00),
(275, 2, 'INV-CSV-260119-68-1156', 40000.00, '2026-01-19 12:00:00', 'Cash', 40000.00, 0.00),
(276, 2, 'INV-CSV-260119-69-1125', 48000.00, '2026-01-19 12:00:00', 'QRIS', 48000.00, 0.00),
(277, 2, 'INV-CSV-260119-70-5649', 60000.00, '2026-01-19 12:00:00', 'Cash', 60000.00, 0.00),
(278, 2, 'INV-CSV-260119-71-9514', 30000.00, '2026-01-19 12:00:00', 'Transfer', 30000.00, 0.00),
(279, 2, 'INV-CSV-260120-72-6176', 30000.00, '2026-01-20 12:00:00', 'Cash', 30000.00, 0.00),
(280, 2, 'INV-CSV-260120-73-8155', 40000.00, '2026-01-20 12:00:00', 'Transfer', 40000.00, 0.00),
(281, 2, 'INV-CSV-260120-74-9507', 60000.00, '2026-01-20 12:00:00', 'Cash', 60000.00, 0.00),
(282, 2, 'INV-CSV-260120-75-6960', 180000.00, '2026-01-20 12:00:00', 'QRIS', 180000.00, 0.00),
(283, 2, 'INV-CSV-260120-76-8148', 36000.00, '2026-01-20 12:00:00', 'QRIS', 36000.00, 0.00),
(284, 2, 'INV-CSV-260121-77-2887', 60000.00, '2026-01-21 12:00:00', 'Cash', 60000.00, 0.00),
(285, 2, 'INV-CSV-260121-78-1595', 150000.00, '2026-01-21 12:00:00', 'Cash', 150000.00, 0.00),
(286, 2, 'INV-CSV-260121-79-1072', 10000.00, '2026-01-21 12:00:00', 'QRIS', 10000.00, 0.00),
(287, 2, 'INV-CSV-260122-80-4541', 40000.00, '2026-01-22 12:00:00', 'Transfer', 40000.00, 0.00),
(288, 2, 'INV-CSV-260122-81-7276', 20000.00, '2026-01-22 12:00:00', 'QRIS', 20000.00, 0.00),
(289, 2, 'INV-CSV-260122-82-5771', 12000.00, '2026-01-22 12:00:00', 'QRIS', 12000.00, 0.00),
(290, 2, 'INV-CSV-260122-83-3590', 10000.00, '2026-01-22 12:00:00', 'QRIS', 10000.00, 0.00),
(291, 2, 'INV-CSV-260122-84-9406', 30000.00, '2026-01-22 12:00:00', 'Transfer', 30000.00, 0.00),
(292, 2, 'INV-CSV-260122-85-1029', 150000.00, '2026-01-22 12:00:00', 'Cash', 150000.00, 0.00),
(293, 2, 'INV-CSV-260123-86-9231', 60000.00, '2026-01-23 12:00:00', 'QRIS', 60000.00, 0.00),
(294, 2, 'INV-CSV-260123-87-4869', 45000.00, '2026-01-23 12:00:00', 'Cash', 45000.00, 0.00),
(295, 2, 'INV-CSV-260123-88-4338', 48000.00, '2026-01-23 12:00:00', 'QRIS', 48000.00, 0.00),
(296, 2, 'INV-CSV-260123-89-2369', 60000.00, '2026-01-23 12:00:00', 'Cash', 60000.00, 0.00),
(297, 2, 'INV-CSV-260123-90-5933', 45000.00, '2026-01-23 12:00:00', 'Cash', 45000.00, 0.00),
(298, 2, 'INV-CSV-260123-91-9078', 36000.00, '2026-01-23 12:00:00', 'Cash', 36000.00, 0.00),
(299, 2, 'INV-CSV-260124-92-2828', 150000.00, '2026-01-24 12:00:00', 'Cash', 150000.00, 0.00),
(300, 2, 'INV-CSV-260124-93-7924', 30000.00, '2026-01-24 12:00:00', 'Cash', 30000.00, 0.00),
(301, 2, 'INV-CSV-260124-94-5624', 180000.00, '2026-01-24 12:00:00', 'Cash', 180000.00, 0.00),
(302, 2, 'INV-CSV-260124-95-8623', 24000.00, '2026-01-24 12:00:00', 'QRIS', 24000.00, 0.00),
(303, 2, 'INV-CSV-260125-96-5989', 40000.00, '2026-01-25 12:00:00', 'Cash', 40000.00, 0.00),
(304, 2, 'INV-CSV-260125-97-4986', 30000.00, '2026-01-25 12:00:00', 'Cash', 30000.00, 0.00),
(305, 2, 'INV-CSV-260126-98-3289', 45000.00, '2026-01-26 12:00:00', 'QRIS', 45000.00, 0.00),
(306, 2, 'INV-CSV-260126-99-6239', 24000.00, '2026-01-26 12:00:00', 'Cash', 24000.00, 0.00),
(307, 2, 'INV-CSV-260126-100-1101', 120000.00, '2026-01-26 12:00:00', 'Cash', 120000.00, 0.00),
(308, 2, 'INV-CSV-260126-101-3433', 60000.00, '2026-01-26 12:00:00', 'Cash', 60000.00, 0.00),
(309, 2, 'INV-CSV-260126-102-7648', 12000.00, '2026-01-26 12:00:00', 'Cash', 12000.00, 0.00),
(310, 2, 'INV-CSV-260126-103-1982', 40000.00, '2026-01-26 12:00:00', 'Cash', 40000.00, 0.00),
(311, 2, 'INV-CSV-260127-104-6314', 50000.00, '2026-01-27 12:00:00', 'QRIS', 50000.00, 0.00),
(312, 2, 'INV-CSV-260127-105-3790', 20000.00, '2026-01-27 12:00:00', 'Cash', 20000.00, 0.00),
(313, 2, 'INV-CSV-260127-106-1675', 150000.00, '2026-01-27 12:00:00', 'Cash', 150000.00, 0.00),
(314, 2, 'INV-CSV-260128-107-7156', 30000.00, '2026-01-28 12:00:00', 'Cash', 30000.00, 0.00),
(315, 2, 'INV-CSV-260128-108-3202', 15000.00, '2026-01-28 12:00:00', 'Transfer', 15000.00, 0.00),
(316, 2, 'INV-CSV-260128-109-4686', 120000.00, '2026-01-28 12:00:00', 'Cash', 120000.00, 0.00),
(317, 2, 'INV-CSV-260129-110-9991', 36000.00, '2026-01-29 12:00:00', 'Transfer', 36000.00, 0.00),
(318, 2, 'INV-CSV-260129-111-7964', 15000.00, '2026-01-29 12:00:00', 'Cash', 15000.00, 0.00),
(319, 2, 'INV-CSV-260130-112-7959', 45000.00, '2026-01-30 12:00:00', 'QRIS', 45000.00, 0.00),
(320, 2, 'INV-CSV-260130-113-1506', 24000.00, '2026-01-30 12:00:00', 'QRIS', 24000.00, 0.00),
(321, 2, 'INV-CSV-260131-114-6397', 60000.00, '2026-01-31 12:00:00', 'Cash', 60000.00, 0.00),
(322, 2, 'INV-CSV-260131-115-9967', 80000.00, '2026-01-31 12:00:00', 'Cash', 80000.00, 0.00),
(323, 2, 'INV-CSV-260131-116-2046', 24000.00, '2026-01-31 12:00:00', 'Cash', 24000.00, 0.00),
(324, 2, 'INV-CSV-260131-117-2887', 40000.00, '2026-01-31 12:00:00', 'QRIS', 40000.00, 0.00),
(325, 2, 'INV-CSV-260201-118-7252', 36000.00, '2026-02-01 12:00:00', 'QRIS', 36000.00, 0.00),
(326, 2, 'INV-CSV-260201-119-5943', 20000.00, '2026-02-01 12:00:00', 'Cash', 20000.00, 0.00),
(327, 2, 'INV-CSV-260202-120-2392', 150000.00, '2026-02-02 12:00:00', 'QRIS', 150000.00, 0.00),
(328, 2, 'INV-CSV-260202-121-1819', 100000.00, '2026-02-02 12:00:00', 'Cash', 100000.00, 0.00),
(329, 2, 'INV-CSV-260202-122-8867', 240000.00, '2026-02-02 12:00:00', 'Cash', 240000.00, 0.00),
(330, 2, 'INV-CSV-260202-123-2729', 150000.00, '2026-02-02 12:00:00', 'Cash', 150000.00, 0.00),
(331, 2, 'INV-CSV-260202-124-3454', 100000.00, '2026-02-02 12:00:00', 'QRIS', 100000.00, 0.00),
(332, 2, 'INV-CSV-260202-125-5453', 36000.00, '2026-02-02 12:00:00', 'Cash', 36000.00, 0.00),
(333, 2, 'INV-CSV-260203-126-5682', 15000.00, '2026-02-03 12:00:00', 'QRIS', 15000.00, 0.00),
(334, 2, 'INV-CSV-260203-127-3946', 180000.00, '2026-02-03 12:00:00', 'Cash', 180000.00, 0.00),
(335, 2, 'INV-CSV-260203-128-1207', 15000.00, '2026-02-03 12:00:00', 'Cash', 15000.00, 0.00),
(336, 2, 'INV-CSV-260203-129-7828', 45000.00, '2026-02-03 12:00:00', 'Cash', 45000.00, 0.00),
(337, 2, 'INV-CSV-260203-130-4542', 12000.00, '2026-02-03 12:00:00', 'Cash', 12000.00, 0.00),
(338, 2, 'INV-CSV-260203-131-4385', 60000.00, '2026-02-03 12:00:00', 'Cash', 60000.00, 0.00),
(339, 2, 'INV-CSV-260204-132-1132', 180000.00, '2026-02-04 12:00:00', 'QRIS', 180000.00, 0.00),
(340, 2, 'INV-CSV-260204-133-2670', 30000.00, '2026-02-04 12:00:00', 'Cash', 30000.00, 0.00),
(341, 2, 'INV-CSV-260204-134-7887', 180000.00, '2026-02-04 12:00:00', 'Cash', 180000.00, 0.00),
(342, 2, 'INV-CSV-260205-135-7640', 60000.00, '2026-02-05 12:00:00', 'Transfer', 60000.00, 0.00),
(343, 2, 'INV-CSV-260205-136-4393', 150000.00, '2026-02-05 12:00:00', 'Cash', 150000.00, 0.00),
(344, 2, 'INV-CSV-260205-137-6888', 40000.00, '2026-02-05 12:00:00', 'QRIS', 40000.00, 0.00),
(345, 2, 'INV-CSV-260205-138-3807', 45000.00, '2026-02-05 12:00:00', 'Cash', 45000.00, 0.00),
(346, 2, 'INV-CSV-260206-139-9005', 45000.00, '2026-02-06 12:00:00', 'Cash', 45000.00, 0.00),
(347, 2, 'INV-CSV-260206-140-8382', 150000.00, '2026-02-06 12:00:00', 'QRIS', 150000.00, 0.00),
(348, 2, 'INV-CSV-260206-141-1602', 60000.00, '2026-02-06 12:00:00', 'Cash', 60000.00, 0.00),
(349, 2, 'INV-CSV-260206-142-6808', 48000.00, '2026-02-06 12:00:00', 'QRIS', 48000.00, 0.00),
(350, 2, 'INV-CSV-260207-143-1189', 24000.00, '2026-02-07 12:00:00', 'QRIS', 24000.00, 0.00),
(351, 2, 'INV-CSV-260207-144-8963', 45000.00, '2026-02-07 12:00:00', 'QRIS', 45000.00, 0.00),
(352, 2, 'INV-CSV-260207-145-2409', 15000.00, '2026-02-07 12:00:00', 'Cash', 15000.00, 0.00),
(353, 2, 'INV-CSV-260207-146-5664', 40000.00, '2026-02-07 12:00:00', 'Cash', 40000.00, 0.00),
(354, 2, 'INV-CSV-260207-147-4857', 80000.00, '2026-02-07 12:00:00', 'QRIS', 80000.00, 0.00),
(355, 2, 'INV-CSV-260208-148-4404', 20000.00, '2026-02-08 12:00:00', 'QRIS', 20000.00, 0.00),
(356, 2, 'INV-CSV-260208-149-7292', 30000.00, '2026-02-08 12:00:00', 'Transfer', 30000.00, 0.00),
(357, 2, 'INV-CSV-260208-150-5892', 60000.00, '2026-02-08 12:00:00', 'Cash', 60000.00, 0.00),
(358, 2, 'INV-CSV-260209-151-6908', 10000.00, '2026-02-09 12:00:00', 'Cash', 10000.00, 0.00),
(359, 2, 'INV-CSV-260209-152-1039', 180000.00, '2026-02-09 12:00:00', 'Cash', 180000.00, 0.00),
(360, 2, 'INV-CSV-260209-153-7429', 30000.00, '2026-02-09 12:00:00', 'Cash', 30000.00, 0.00),
(361, 2, 'INV-CSV-260209-154-1715', 48000.00, '2026-02-09 12:00:00', 'Cash', 48000.00, 0.00),
(362, 2, 'INV-CSV-260209-155-8902', 150000.00, '2026-02-09 12:00:00', 'Cash', 150000.00, 0.00),
(363, 2, 'INV-CSV-260209-156-8841', 60000.00, '2026-02-09 12:00:00', 'Cash', 60000.00, 0.00),
(364, 2, 'INV-CSV-260210-157-5985', 60000.00, '2026-02-10 12:00:00', 'Cash', 60000.00, 0.00),
(365, 2, 'INV-CSV-260210-158-5198', 45000.00, '2026-02-10 12:00:00', 'QRIS', 45000.00, 0.00),
(366, 2, 'INV-CSV-260211-159-3728', 60000.00, '2026-02-11 12:00:00', 'Cash', 60000.00, 0.00),
(367, 2, 'INV-CSV-260211-160-8416', 40000.00, '2026-02-11 12:00:00', 'Cash', 40000.00, 0.00),
(368, 2, 'INV-CSV-260212-161-1992', 45000.00, '2026-02-12 12:00:00', 'QRIS', 45000.00, 0.00),
(369, 2, 'INV-CSV-260212-162-8630', 60000.00, '2026-02-12 12:00:00', 'QRIS', 60000.00, 0.00),
(370, 2, 'INV-CSV-260213-163-4807', 60000.00, '2026-02-13 12:00:00', 'Cash', 60000.00, 0.00),
(371, 2, 'INV-CSV-260213-164-7359', 60000.00, '2026-02-13 12:00:00', 'Cash', 60000.00, 0.00),
(372, 2, 'INV-CSV-260213-165-9774', 120000.00, '2026-02-13 12:00:00', 'Transfer', 120000.00, 0.00),
(373, 2, 'INV-CSV-260213-166-8032', 30000.00, '2026-02-13 12:00:00', 'QRIS', 30000.00, 0.00),
(374, 2, 'INV-CSV-260213-167-6783', 180000.00, '2026-02-13 12:00:00', 'QRIS', 180000.00, 0.00),
(375, 2, 'INV-CSV-260213-168-1746', 180000.00, '2026-02-13 12:00:00', 'QRIS', 180000.00, 0.00),
(376, 2, 'INV-CSV-260214-169-3802', 36000.00, '2026-02-14 12:00:00', 'QRIS', 36000.00, 0.00),
(377, 2, 'INV-CSV-260214-170-5904', 45000.00, '2026-02-14 12:00:00', 'Cash', 45000.00, 0.00),
(378, 2, 'INV-CSV-260214-171-2120', 80000.00, '2026-02-14 12:00:00', 'QRIS', 80000.00, 0.00),
(379, 2, 'INV-CSV-260214-172-6556', 40000.00, '2026-02-14 12:00:00', 'Cash', 40000.00, 0.00),
(380, 2, 'INV-CSV-260215-173-1446', 40000.00, '2026-02-15 12:00:00', 'Transfer', 40000.00, 0.00),
(381, 2, 'INV-CSV-260215-174-8687', 36000.00, '2026-02-15 12:00:00', 'QRIS', 36000.00, 0.00),
(382, 2, 'INV-CSV-260215-175-4384', 60000.00, '2026-02-15 12:00:00', 'Cash', 60000.00, 0.00),
(383, 2, 'INV-CSV-260215-176-5839', 36000.00, '2026-02-15 12:00:00', 'Cash', 36000.00, 0.00),
(384, 2, 'INV-CSV-260216-177-3305', 15000.00, '2026-02-16 12:00:00', 'Transfer', 15000.00, 0.00),
(385, 2, 'INV-CSV-260216-178-3734', 240000.00, '2026-02-16 12:00:00', 'Cash', 240000.00, 0.00),
(386, 2, 'INV-CSV-260217-179-1628', 240000.00, '2026-02-17 12:00:00', 'Cash', 240000.00, 0.00),
(387, 2, 'INV-CSV-260217-180-8793', 60000.00, '2026-02-17 12:00:00', 'Cash', 60000.00, 0.00),
(388, 2, 'INV-CSV-260217-181-7754', 60000.00, '2026-02-17 12:00:00', 'QRIS', 60000.00, 0.00),
(389, 2, 'INV-CSV-260217-182-7886', 50000.00, '2026-02-17 12:00:00', 'Cash', 50000.00, 0.00),
(390, 2, 'INV-CSV-260217-183-7035', 10000.00, '2026-02-17 12:00:00', 'Cash', 10000.00, 0.00),
(391, 2, 'INV-CSV-260217-184-7696', 60000.00, '2026-02-17 12:00:00', 'Cash', 60000.00, 0.00),
(392, 2, 'INV-CSV-260218-185-1685', 60000.00, '2026-02-18 12:00:00', 'Cash', 60000.00, 0.00),
(393, 2, 'INV-CSV-260218-186-5085', 45000.00, '2026-02-18 12:00:00', 'QRIS', 45000.00, 0.00),
(394, 2, 'INV-CSV-260218-187-1693', 50000.00, '2026-02-18 12:00:00', 'Cash', 50000.00, 0.00),
(395, 2, 'INV-CSV-260218-188-9651', 60000.00, '2026-02-18 12:00:00', 'Cash', 60000.00, 0.00),
(396, 2, 'INV-CSV-260218-189-5398', 40000.00, '2026-02-18 12:00:00', 'Cash', 40000.00, 0.00),
(397, 2, 'INV-CSV-260219-190-1976', 45000.00, '2026-02-19 12:00:00', 'QRIS', 45000.00, 0.00),
(398, 2, 'INV-CSV-260219-191-4719', 36000.00, '2026-02-19 12:00:00', 'QRIS', 36000.00, 0.00),
(399, 2, 'INV-CSV-260219-192-5212', 20000.00, '2026-02-19 12:00:00', 'Cash', 20000.00, 0.00),
(400, 2, 'INV-CSV-260219-193-9940', 80000.00, '2026-02-19 12:00:00', 'Cash', 80000.00, 0.00),
(401, 2, 'INV-CSV-260220-194-3458', 50000.00, '2026-02-20 12:00:00', 'QRIS', 50000.00, 0.00),
(402, 2, 'INV-CSV-260220-195-9968', 120000.00, '2026-02-20 12:00:00', 'Cash', 120000.00, 0.00),
(403, 2, 'INV-CSV-260220-196-2030', 60000.00, '2026-02-20 12:00:00', 'Cash', 60000.00, 0.00),
(404, 2, 'INV-CSV-260220-197-2879', 60000.00, '2026-02-20 12:00:00', 'Transfer', 60000.00, 0.00),
(405, 2, 'INV-CSV-260220-198-3264', 240000.00, '2026-02-20 12:00:00', 'Cash', 240000.00, 0.00),
(406, 2, 'INV-CSV-260221-199-9181', 36000.00, '2026-02-21 12:00:00', 'Cash', 36000.00, 0.00),
(407, 2, 'INV-CSV-260221-200-9332', 60000.00, '2026-02-21 12:00:00', 'Cash', 60000.00, 0.00),
(408, 2, 'INV-CSV-260221-201-5908', 15000.00, '2026-02-21 12:00:00', 'Cash', 15000.00, 0.00),
(409, 2, 'INV-CSV-260221-202-3048', 36000.00, '2026-02-21 12:00:00', 'Cash', 36000.00, 0.00),
(410, 2, 'INV-CSV-260221-203-4763', 200000.00, '2026-02-21 12:00:00', 'Cash', 200000.00, 0.00),
(411, 2, 'INV-CSV-260222-204-3342', 15000.00, '2026-02-22 12:00:00', 'Cash', 15000.00, 0.00),
(412, 2, 'INV-CSV-260222-205-3393', 200000.00, '2026-02-22 12:00:00', 'QRIS', 200000.00, 0.00),
(413, 2, 'INV-CSV-260222-206-9058', 50000.00, '2026-02-22 12:00:00', 'Transfer', 50000.00, 0.00),
(414, 2, 'INV-CSV-260223-207-3349', 40000.00, '2026-02-23 12:00:00', 'QRIS', 40000.00, 0.00),
(415, 2, 'INV-CSV-260223-208-4509', 15000.00, '2026-02-23 12:00:00', 'Cash', 15000.00, 0.00),
(416, 2, 'INV-CSV-260223-209-5378', 30000.00, '2026-02-23 12:00:00', 'QRIS', 30000.00, 0.00),
(417, 2, 'INV-CSV-260223-210-8606', 120000.00, '2026-02-23 12:00:00', 'Cash', 120000.00, 0.00),
(418, 2, 'INV-CSV-260224-211-2813', 10000.00, '2026-02-24 12:00:00', 'QRIS', 10000.00, 0.00),
(419, 2, 'INV-CSV-260224-212-9148', 15000.00, '2026-02-24 12:00:00', 'Transfer', 15000.00, 0.00),
(420, 2, 'INV-CSV-260224-213-5713', 40000.00, '2026-02-24 12:00:00', 'Cash', 40000.00, 0.00),
(421, 2, 'INV-CSV-260224-214-1905', 100000.00, '2026-02-24 12:00:00', 'Cash', 100000.00, 0.00),
(422, 2, 'INV-CSV-260225-215-4565', 50000.00, '2026-02-25 12:00:00', 'Cash', 50000.00, 0.00),
(423, 2, 'INV-CSV-260225-216-4643', 30000.00, '2026-02-25 12:00:00', 'QRIS', 30000.00, 0.00),
(424, 2, 'INV-CSV-260225-217-2212', 150000.00, '2026-02-25 12:00:00', 'Cash', 150000.00, 0.00),
(425, 2, 'INV-CSV-260225-218-2770', 12000.00, '2026-02-25 12:00:00', 'QRIS', 12000.00, 0.00),
(426, 2, 'INV-CSV-260225-219-3436', 12000.00, '2026-02-25 12:00:00', 'Cash', 12000.00, 0.00),
(427, 2, 'INV-CSV-260225-220-3608', 48000.00, '2026-02-25 12:00:00', 'Cash', 48000.00, 0.00),
(428, 2, 'INV-CSV-260226-221-1187', 50000.00, '2026-02-26 12:00:00', 'Cash', 50000.00, 0.00),
(429, 2, 'INV-CSV-260226-222-8783', 45000.00, '2026-02-26 12:00:00', 'Cash', 45000.00, 0.00),
(430, 2, 'INV-CSV-260226-223-7261', 30000.00, '2026-02-26 12:00:00', 'Cash', 30000.00, 0.00),
(431, 2, 'INV-CSV-260226-224-7709', 15000.00, '2026-02-26 12:00:00', 'Cash', 15000.00, 0.00),
(432, 2, 'INV-CSV-260227-225-6801', 30000.00, '2026-02-27 12:00:00', 'Cash', 30000.00, 0.00),
(433, 2, 'INV-CSV-260227-226-6773', 30000.00, '2026-02-27 12:00:00', 'QRIS', 30000.00, 0.00),
(434, 2, 'INV-CSV-260228-227-8902', 15000.00, '2026-02-28 12:00:00', 'Cash', 15000.00, 0.00),
(435, 2, 'INV-CSV-260228-228-1594', 30000.00, '2026-02-28 12:00:00', 'QRIS', 30000.00, 0.00),
(436, 2, 'INV-CSV-260228-229-9860', 15000.00, '2026-02-28 12:00:00', 'QRIS', 15000.00, 0.00),
(437, 2, 'INV-CSV-260228-230-1363', 20000.00, '2026-02-28 12:00:00', 'QRIS', 20000.00, 0.00),
(438, 2, 'INV-CSV-260228-231-6487', 50000.00, '2026-02-28 12:00:00', 'Cash', 50000.00, 0.00),
(439, 2, 'INV-CSV-260228-232-1819', 40000.00, '2026-02-28 12:00:00', 'Cash', 40000.00, 0.00),
(440, 2, 'INV-CSV-260301-233-1153', 480000.00, '2026-03-01 12:00:00', 'Cash', 480000.00, 0.00),
(441, 2, 'INV-CSV-260301-234-8419', 40000.00, '2026-03-01 12:00:00', 'Cash', 40000.00, 0.00),
(442, 2, 'INV-CSV-260301-235-7353', 20000.00, '2026-03-01 12:00:00', 'Cash', 20000.00, 0.00),
(443, 2, 'INV-CSV-260301-236-1141', 270000.00, '2026-03-01 12:00:00', 'QRIS', 270000.00, 0.00),
(444, 2, 'INV-CSV-260301-237-9749', 24000.00, '2026-03-01 12:00:00', 'Cash', 24000.00, 0.00),
(445, 2, 'INV-CSV-260301-238-6114', 850000.00, '2026-03-01 12:00:00', 'Cash', 850000.00, 0.00),
(446, 2, 'INV-CSV-260301-239-6679', 60000.00, '2026-03-01 12:00:00', 'QRIS', 60000.00, 0.00),
(447, 2, 'INV-CSV-260301-240-2597', 1600000.00, '2026-03-01 12:00:00', 'Cash', 1600000.00, 0.00),
(448, 2, 'INV-CSV-260301-241-6110', 1980000.00, '2026-03-01 12:00:00', 'Cash', 1980000.00, 0.00),
(449, 2, 'INV-CSV-260301-242-8743', 10000.00, '2026-03-01 12:00:00', 'Transfer', 10000.00, 0.00),
(450, 2, 'INV-CSV-260302-243-3468', 36000.00, '2026-03-02 12:00:00', 'Transfer', 36000.00, 0.00),
(451, 2, 'INV-CSV-260302-244-6926', 1150000.00, '2026-03-02 12:00:00', 'Cash', 1150000.00, 0.00),
(452, 2, 'INV-CSV-260302-245-9266', 60000.00, '2026-03-02 12:00:00', 'QRIS', 60000.00, 0.00),
(453, 2, 'INV-CSV-260302-246-2641', 45000.00, '2026-03-02 12:00:00', 'Cash', 45000.00, 0.00),
(454, 2, 'INV-CSV-260302-247-4123', 45000.00, '2026-03-02 12:00:00', 'QRIS', 45000.00, 0.00),
(455, 2, 'INV-CSV-260302-248-5287', 270000.00, '2026-03-02 12:00:00', 'QRIS', 270000.00, 0.00),
(456, 2, 'INV-CSV-260302-249-6331', 1450000.00, '2026-03-02 12:00:00', 'QRIS', 1450000.00, 0.00),
(457, 2, 'INV-CSV-260302-250-7590', 15000.00, '2026-03-02 12:00:00', 'Cash', 15000.00, 0.00),
(458, 2, 'INV-CSV-260302-251-7336', 2340000.00, '2026-03-02 12:00:00', 'QRIS', 2340000.00, 0.00),
(459, 2, 'INV-CSV-260303-252-1995', 10000.00, '2026-03-03 12:00:00', 'Cash', 10000.00, 0.00),
(460, 2, 'INV-CSV-260303-253-3516', 2100000.00, '2026-03-03 12:00:00', 'Cash', 2100000.00, 0.00),
(461, 2, 'INV-CSV-260303-254-5080', 20000.00, '2026-03-03 12:00:00', 'QRIS', 20000.00, 0.00),
(462, 2, 'INV-CSV-260303-255-5529', 1900000.00, '2026-03-03 12:00:00', 'Cash', 1900000.00, 0.00),
(463, 2, 'INV-CSV-260303-256-1276', 495000.00, '2026-03-03 12:00:00', 'Cash', 495000.00, 0.00),
(464, 2, 'INV-CSV-260303-257-5145', 45000.00, '2026-03-03 12:00:00', 'Cash', 45000.00, 0.00),
(465, 2, 'INV-CSV-260304-258-4849', 45000.00, '2026-03-04 12:00:00', 'Cash', 45000.00, 0.00),
(466, 2, 'INV-CSV-260304-259-1772', 1550000.00, '2026-03-04 12:00:00', 'QRIS', 1550000.00, 0.00),
(467, 2, 'INV-CSV-260304-260-3194', 800000.00, '2026-03-04 12:00:00', 'Cash', 800000.00, 0.00),
(468, 2, 'INV-CSV-260304-261-6487', 30000.00, '2026-03-04 12:00:00', 'Cash', 30000.00, 0.00),
(469, 2, 'INV-CSV-260304-262-1746', 20000.00, '2026-03-04 12:00:00', 'Cash', 20000.00, 0.00),
(470, 2, 'INV-CSV-260304-263-8264', 45000.00, '2026-03-04 12:00:00', 'Transfer', 45000.00, 0.00),
(471, 2, 'INV-CSV-260304-264-4204', 48000.00, '2026-03-04 12:00:00', 'Cash', 48000.00, 0.00),
(472, 2, 'INV-CSV-260305-265-8182', 480000.00, '2026-03-05 12:00:00', 'Transfer', 480000.00, 0.00),
(473, 2, 'INV-CSV-260305-266-9190', 2640000.00, '2026-03-05 12:00:00', 'Cash', 2640000.00, 0.00),
(474, 2, 'INV-CSV-260305-267-5627', 30000.00, '2026-03-05 12:00:00', 'Cash', 30000.00, 0.00),
(475, 2, 'INV-CSV-260305-268-6671', 40000.00, '2026-03-05 12:00:00', 'QRIS', 40000.00, 0.00),
(476, 2, 'INV-CSV-260305-269-8068', 12000.00, '2026-03-05 12:00:00', 'Cash', 12000.00, 0.00),
(477, 2, 'INV-CSV-260306-270-2690', 40000.00, '2026-03-06 12:00:00', 'QRIS', 40000.00, 0.00),
(478, 2, 'INV-CSV-260306-271-4759', 45000.00, '2026-03-06 12:00:00', 'Cash', 45000.00, 0.00),
(479, 2, 'INV-CSV-260306-272-6381', 645000.00, '2026-03-06 12:00:00', 'Cash', 645000.00, 0.00),
(480, 2, 'INV-CSV-260306-273-9740', 480000.00, '2026-03-06 12:00:00', 'Cash', 480000.00, 0.00),
(481, 2, 'INV-CSV-260306-274-9238', 45000.00, '2026-03-06 12:00:00', 'QRIS', 45000.00, 0.00),
(482, 2, 'INV-CSV-260306-275-3149', 585000.00, '2026-03-06 12:00:00', 'QRIS', 585000.00, 0.00),
(483, 2, 'INV-CSV-260306-276-3943', 20000.00, '2026-03-06 12:00:00', 'Transfer', 20000.00, 0.00),
(484, 2, 'INV-CSV-260306-277-7570', 2250000.00, '2026-03-06 12:00:00', 'Cash', 2250000.00, 0.00),
(485, 2, 'INV-CSV-260306-278-8219', 1950000.00, '2026-03-06 12:00:00', 'Cash', 1950000.00, 0.00),
(486, 2, 'INV-CSV-260306-279-5036', 480000.00, '2026-03-06 12:00:00', 'Transfer', 480000.00, 0.00),
(487, 2, 'INV-CSV-260307-280-7307', 510000.00, '2026-03-07 12:00:00', 'QRIS', 510000.00, 0.00),
(488, 2, 'INV-CSV-260307-281-3196', 60000.00, '2026-03-07 12:00:00', 'Cash', 60000.00, 0.00),
(489, 2, 'INV-CSV-260307-282-7770', 1150000.00, '2026-03-07 12:00:00', 'Cash', 1150000.00, 0.00),
(490, 2, 'INV-CSV-260307-283-8598', 40000.00, '2026-03-07 12:00:00', 'Cash', 40000.00, 0.00),
(491, 2, 'INV-CSV-260307-284-9786', 1550000.00, '2026-03-07 12:00:00', 'Cash', 1550000.00, 0.00),
(492, 2, 'INV-CSV-260307-285-8467', 2200000.00, '2026-03-07 12:00:00', 'Cash', 2200000.00, 0.00),
(493, 2, 'INV-CSV-260307-286-6790', 1900000.00, '2026-03-07 12:00:00', 'Cash', 1900000.00, 0.00),
(494, 2, 'INV-CSV-260308-287-6198', 36000.00, '2026-03-08 12:00:00', 'Transfer', 36000.00, 0.00),
(495, 2, 'INV-CSV-260308-288-1509', 2400000.00, '2026-03-08 12:00:00', 'QRIS', 2400000.00, 0.00),
(496, 2, 'INV-CSV-260308-289-8217', 20000.00, '2026-03-08 12:00:00', 'Cash', 20000.00, 0.00),
(497, 2, 'INV-CSV-260308-290-6959', 12000.00, '2026-03-08 12:00:00', 'Cash', 12000.00, 0.00),
(498, 2, 'INV-CSV-260308-291-4960', 60000.00, '2026-03-08 12:00:00', 'Cash', 60000.00, 0.00),
(499, 2, 'INV-CSV-260308-292-2484', 30000.00, '2026-03-08 12:00:00', 'Cash', 30000.00, 0.00),
(500, 2, 'INV-CSV-260308-293-6425', 1200000.00, '2026-03-08 12:00:00', 'Transfer', 1200000.00, 0.00),
(501, 2, 'INV-CSV-260308-294-1689', 60000.00, '2026-03-08 12:00:00', 'Cash', 60000.00, 0.00),
(502, 2, 'INV-CSV-260309-295-6363', 30000.00, '2026-03-09 12:00:00', 'Cash', 30000.00, 0.00),
(503, 2, 'INV-CSV-260309-296-3502', 48000.00, '2026-03-09 12:00:00', 'Cash', 48000.00, 0.00),
(504, 2, 'INV-CSV-260309-297-5965', 585000.00, '2026-03-09 12:00:00', 'QRIS', 585000.00, 0.00),
(505, 2, 'INV-CSV-260309-298-9167', 10000.00, '2026-03-09 12:00:00', 'Cash', 10000.00, 0.00),
(506, 2, 'INV-CSV-260309-299-7732', 405000.00, '2026-03-09 12:00:00', 'Cash', 405000.00, 0.00),
(507, 2, 'INV-CSV-260309-300-5340', 1550000.00, '2026-03-09 12:00:00', 'Cash', 1550000.00, 0.00),
(508, 2, 'INV-CSV-260309-301-2219', 1200000.00, '2026-03-09 12:00:00', 'Cash', 1200000.00, 0.00),
(509, 2, 'INV-CSV-260309-302-3834', 40000.00, '2026-03-09 12:00:00', 'QRIS', 40000.00, 0.00),
(510, 2, 'INV-CSV-260309-303-6897', 360000.00, '2026-03-09 12:00:00', 'QRIS', 360000.00, 0.00),
(511, 2, 'INV-CSV-260309-304-4224', 1080000.00, '2026-03-09 12:00:00', 'Cash', 1080000.00, 0.00),
(512, 2, 'INV-CSV-260309-305-8425', 285000.00, '2026-03-09 12:00:00', 'Transfer', 285000.00, 0.00),
(513, 2, 'INV-CSV-260310-306-4434', 45000.00, '2026-03-10 12:00:00', 'Cash', 45000.00, 0.00),
(514, 2, 'INV-CSV-260310-307-6561', 1560000.00, '2026-03-10 12:00:00', 'Cash', 1560000.00, 0.00),
(515, 2, 'INV-CSV-260310-308-3769', 420000.00, '2026-03-10 12:00:00', 'Cash', 420000.00, 0.00),
(516, 2, 'INV-CSV-260310-309-5827', 48000.00, '2026-03-10 12:00:00', 'Cash', 48000.00, 0.00),
(517, 2, 'INV-CSV-260310-310-7169', 30000.00, '2026-03-10 12:00:00', 'Cash', 30000.00, 0.00),
(518, 2, 'INV-CSV-260310-311-5113', 60000.00, '2026-03-10 12:00:00', 'Cash', 60000.00, 0.00),
(519, 2, 'INV-CSV-260310-312-9291', 10000.00, '2026-03-10 12:00:00', 'Cash', 10000.00, 0.00),
(520, 2, 'INV-CSV-260310-313-6861', 1050000.00, '2026-03-10 12:00:00', 'Transfer', 1050000.00, 0.00),
(521, 2, 'INV-CSV-260310-314-4168', 2100000.00, '2026-03-10 12:00:00', 'QRIS', 2100000.00, 0.00),
(522, 2, 'INV-CSV-260310-315-8529', 2400000.00, '2026-03-10 12:00:00', 'Cash', 2400000.00, 0.00),
(523, 2, 'INV-CSV-260310-316-6656', 1350000.00, '2026-03-10 12:00:00', 'Cash', 1350000.00, 0.00),
(524, 2, 'INV-CSV-260310-317-8644', 1700000.00, '2026-03-10 12:00:00', 'Cash', 1700000.00, 0.00),
(525, 2, 'INV-CSV-260311-318-4162', 30000.00, '2026-03-11 12:00:00', 'Cash', 30000.00, 0.00),
(526, 2, 'INV-CSV-260311-319-7888', 60000.00, '2026-03-11 12:00:00', 'Cash', 60000.00, 0.00),
(527, 2, 'INV-CSV-260311-320-2371', 80000.00, '2026-03-11 12:00:00', 'Cash', 80000.00, 0.00),
(528, 2, 'INV-CSV-260311-321-4610', 40000.00, '2026-03-11 12:00:00', 'QRIS', 40000.00, 0.00),
(529, 2, 'INV-CSV-260311-322-5656', 330000.00, '2026-03-11 12:00:00', 'Cash', 330000.00, 0.00),
(530, 2, 'INV-CSV-260311-323-7504', 20000.00, '2026-03-11 12:00:00', 'Cash', 20000.00, 0.00),
(531, 2, 'INV-CSV-260311-324-9217', 15000.00, '2026-03-11 12:00:00', 'Cash', 15000.00, 0.00),
(532, 2, 'INV-CSV-260311-325-5422', 285000.00, '2026-03-11 12:00:00', 'QRIS', 285000.00, 0.00),
(533, 2, 'INV-CSV-260311-326-6350', 45000.00, '2026-03-11 12:00:00', 'QRIS', 45000.00, 0.00),
(534, 2, 'INV-CSV-260311-327-6529', 285000.00, '2026-03-11 12:00:00', 'Cash', 285000.00, 0.00),
(535, 2, 'INV-CSV-260311-328-5689', 30000.00, '2026-03-11 12:00:00', 'Cash', 30000.00, 0.00),
(536, 2, 'INV-CSV-260312-329-7519', 1150000.00, '2026-03-12 12:00:00', 'Cash', 1150000.00, 0.00),
(537, 2, 'INV-CSV-260312-330-5451', 36000.00, '2026-03-12 12:00:00', 'Cash', 36000.00, 0.00),
(538, 2, 'INV-CSV-260312-331-4770', 36000.00, '2026-03-12 12:00:00', 'QRIS', 36000.00, 0.00),
(539, 2, 'INV-CSV-260312-332-8784', 30000.00, '2026-03-12 12:00:00', 'Cash', 30000.00, 0.00),
(540, 2, 'INV-CSV-260312-333-4840', 1900000.00, '2026-03-12 12:00:00', 'Transfer', 1900000.00, 0.00),
(541, 2, 'INV-CSV-260312-334-3092', 1800000.00, '2026-03-12 12:00:00', 'Cash', 1800000.00, 0.00),
(542, 2, 'INV-CSV-260312-335-5964', 2400000.00, '2026-03-12 12:00:00', 'QRIS', 2400000.00, 0.00),
(543, 2, 'INV-CSV-260312-336-7703', 1140000.00, '2026-03-12 12:00:00', 'Cash', 1140000.00, 0.00),
(544, 2, 'INV-CSV-260312-337-4440', 45000.00, '2026-03-12 12:00:00', 'Cash', 45000.00, 0.00),
(545, 2, 'INV-CSV-260312-338-8037', 80000.00, '2026-03-12 12:00:00', 'Cash', 80000.00, 0.00),
(546, 2, 'INV-CSV-260312-339-6811', 645000.00, '2026-03-12 12:00:00', 'Transfer', 645000.00, 0.00),
(547, 2, 'INV-CSV-260312-340-7843', 465000.00, '2026-03-12 12:00:00', 'Cash', 465000.00, 0.00),
(548, 2, 'INV-CSV-260313-341-6619', 60000.00, '2026-03-13 12:00:00', 'Cash', 60000.00, 0.00),
(549, 2, 'INV-CSV-260313-342-1265', 390000.00, '2026-03-13 12:00:00', 'Cash', 390000.00, 0.00),
(550, 2, 'INV-CSV-260313-343-8097', 1300000.00, '2026-03-13 12:00:00', 'Cash', 1300000.00, 0.00),
(551, 2, 'INV-CSV-260313-344-2728', 24000.00, '2026-03-13 12:00:00', 'QRIS', 24000.00, 0.00),
(552, 2, 'INV-CSV-260313-345-9294', 40000.00, '2026-03-13 12:00:00', 'Cash', 40000.00, 0.00),
(553, 2, 'INV-CSV-260313-346-1827', 20000.00, '2026-03-13 12:00:00', 'Cash', 20000.00, 0.00),
(554, 2, 'INV-CSV-260313-347-8370', 60000.00, '2026-03-13 12:00:00', 'Transfer', 60000.00, 0.00),
(555, 2, 'INV-CSV-260313-348-5728', 60000.00, '2026-03-13 12:00:00', 'Cash', 60000.00, 0.00),
(556, 2, 'INV-CSV-260313-349-7440', 10000.00, '2026-03-13 12:00:00', 'QRIS', 10000.00, 0.00),
(557, 2, 'INV-CSV-260313-350-7786', 48000.00, '2026-03-13 12:00:00', 'QRIS', 48000.00, 0.00),
(558, 2, 'INV-CSV-260313-351-4904', 60000.00, '2026-03-13 12:00:00', 'Transfer', 60000.00, 0.00),
(559, 2, 'INV-CSV-260313-352-4939', 36000.00, '2026-03-13 12:00:00', 'QRIS', 36000.00, 0.00),
(560, 2, 'INV-CSV-260314-353-8311', 1200000.00, '2026-03-14 12:00:00', 'QRIS', 1200000.00, 0.00),
(561, 2, 'INV-CSV-260314-354-8828', 20000.00, '2026-03-14 12:00:00', 'Cash', 20000.00, 0.00),
(562, 2, 'INV-CSV-260314-355-4611', 1950000.00, '2026-03-14 12:00:00', 'Cash', 1950000.00, 0.00),
(563, 2, 'INV-CSV-260314-356-4067', 24000.00, '2026-03-14 12:00:00', 'Transfer', 24000.00, 0.00),
(564, 2, 'INV-CSV-260314-357-6767', 900000.00, '2026-03-14 12:00:00', 'Cash', 900000.00, 0.00),
(565, 2, 'INV-CSV-260315-358-3030', 480000.00, '2026-03-15 12:00:00', 'Cash', 480000.00, 0.00),
(566, 2, 'INV-CSV-260315-359-6315', 48000.00, '2026-03-15 12:00:00', 'QRIS', 48000.00, 0.00),
(567, 2, 'INV-CSV-260315-360-7840', 12000.00, '2026-03-15 12:00:00', 'Cash', 12000.00, 0.00),
(568, 2, 'INV-CSV-260315-361-2657', 20000.00, '2026-03-15 12:00:00', 'Cash', 20000.00, 0.00),
(569, 2, 'INV-CSV-260315-362-1164', 10000.00, '2026-03-15 12:00:00', 'Cash', 10000.00, 0.00),
(570, 2, 'INV-CSV-260316-363-1882', 645000.00, '2026-03-16 12:00:00', 'Cash', 645000.00, 0.00),
(571, 2, 'INV-CSV-260316-364-3970', 390000.00, '2026-03-16 12:00:00', 'Transfer', 390000.00, 0.00),
(572, 2, 'INV-CSV-260316-365-4654', 405000.00, '2026-03-16 12:00:00', 'QRIS', 405000.00, 0.00),
(573, 2, 'INV-CSV-260316-366-2915', 2200000.00, '2026-03-16 12:00:00', 'QRIS', 2200000.00, 0.00),
(574, 2, 'INV-CSV-260316-367-2843', 48000.00, '2026-03-16 12:00:00', 'Cash', 48000.00, 0.00),
(575, 2, 'INV-CSV-260317-368-2245', 15000.00, '2026-03-17 12:00:00', 'Cash', 15000.00, 0.00),
(576, 2, 'INV-CSV-260317-369-4043', 1500000.00, '2026-03-17 12:00:00', 'QRIS', 1500000.00, 0.00),
(577, 2, 'INV-CSV-260317-370-5017', 1900000.00, '2026-03-17 12:00:00', 'Cash', 1900000.00, 0.00),
(578, 2, 'INV-CSV-260317-371-4056', 48000.00, '2026-03-17 12:00:00', 'Cash', 48000.00, 0.00),
(579, 2, 'INV-CSV-260317-372-7969', 285000.00, '2026-03-17 12:00:00', 'QRIS', 285000.00, 0.00),
(580, 2, 'INV-CSV-260317-373-7680', 45000.00, '2026-03-17 12:00:00', 'Cash', 45000.00, 0.00),
(581, 2, 'INV-CSV-260318-374-3144', 1050000.00, '2026-03-18 12:00:00', 'Cash', 1050000.00, 0.00),
(582, 2, 'INV-CSV-260318-375-7871', 1150000.00, '2026-03-18 12:00:00', 'QRIS', 1150000.00, 0.00),
(583, 2, 'INV-CSV-260318-376-1846', 45000.00, '2026-03-18 12:00:00', 'Cash', 45000.00, 0.00),
(584, 2, 'INV-CSV-260318-377-6784', 1950000.00, '2026-03-18 12:00:00', 'QRIS', 1950000.00, 0.00),
(585, 2, 'INV-CSV-260318-378-5369', 525000.00, '2026-03-18 12:00:00', 'Cash', 525000.00, 0.00),
(586, 2, 'INV-CSV-260318-379-9330', 450000.00, '2026-03-18 12:00:00', 'QRIS', 450000.00, 0.00),
(587, 2, 'INV-CSV-260318-380-6982', 20000.00, '2026-03-18 12:00:00', 'Cash', 20000.00, 0.00),
(588, 2, 'INV-CSV-260318-381-6478', 1560000.00, '2026-03-18 12:00:00', 'Cash', 1560000.00, 0.00),
(589, 2, 'INV-CSV-260318-382-2146', 30000.00, '2026-03-18 12:00:00', 'Cash', 30000.00, 0.00),
(590, 2, 'INV-CSV-260318-383-6053', 20000.00, '2026-03-18 12:00:00', 'Cash', 20000.00, 0.00),
(591, 2, 'INV-CSV-260318-384-6251', 10000.00, '2026-03-18 12:00:00', 'Cash', 10000.00, 0.00),
(592, 2, 'INV-CSV-260319-385-9555', 2220000.00, '2026-03-19 12:00:00', 'QRIS', 2220000.00, 0.00),
(593, 2, 'INV-CSV-260319-386-5570', 45000.00, '2026-03-19 12:00:00', 'Cash', 45000.00, 0.00),
(594, 2, 'INV-CSV-260319-387-7361', 1680000.00, '2026-03-19 12:00:00', 'Cash', 1680000.00, 0.00),
(595, 2, 'INV-CSV-260319-388-9446', 10000.00, '2026-03-19 12:00:00', 'Cash', 10000.00, 0.00),
(596, 2, 'INV-CSV-260319-389-4293', 20000.00, '2026-03-19 12:00:00', 'Cash', 20000.00, 0.00),
(597, 2, 'INV-CSV-260319-390-8458', 20000.00, '2026-03-19 12:00:00', 'Cash', 20000.00, 0.00),
(598, 2, 'INV-CSV-260319-391-5050', 30000.00, '2026-03-19 12:00:00', 'Cash', 30000.00, 0.00),
(599, 2, 'INV-CSV-260319-392-7872', 45000.00, '2026-03-19 12:00:00', 'Cash', 45000.00, 0.00),
(600, 2, 'INV-CSV-260319-393-8036', 495000.00, '2026-03-19 12:00:00', 'QRIS', 495000.00, 0.00),
(601, 2, 'INV-CSV-260320-394-8599', 30000.00, '2026-03-20 12:00:00', 'Cash', 30000.00, 0.00),
(602, 2, 'INV-CSV-260320-395-8003', 20000.00, '2026-03-20 12:00:00', 'Cash', 20000.00, 0.00),
(603, 2, 'INV-CSV-260320-396-4024', 20000.00, '2026-03-20 12:00:00', 'Cash', 20000.00, 0.00),
(604, 2, 'INV-CSV-260320-397-5493', 480000.00, '2026-03-20 12:00:00', 'Cash', 480000.00, 0.00),
(605, 2, 'INV-CSV-260320-398-1062', 24000.00, '2026-03-20 12:00:00', 'Cash', 24000.00, 0.00),
(606, 2, 'INV-CSV-260320-399-7669', 30000.00, '2026-03-20 12:00:00', 'Cash', 30000.00, 0.00),
(607, 2, 'INV-CSV-260320-400-2333', 60000.00, '2026-03-20 12:00:00', 'QRIS', 60000.00, 0.00),
(608, 2, 'INV-CSV-260320-401-4541', 1920000.00, '2026-03-20 12:00:00', 'Cash', 1920000.00, 0.00),
(609, 2, 'INV-CSV-260320-402-2760', 36000.00, '2026-03-20 12:00:00', 'Transfer', 36000.00, 0.00),
(610, 2, 'INV-CSV-260320-403-3840', 20000.00, '2026-03-20 12:00:00', 'Cash', 20000.00, 0.00),
(611, 2, 'INV-CSV-260321-404-7331', 1600000.00, '2026-03-21 12:00:00', 'QRIS', 1600000.00, 0.00),
(612, 2, 'INV-CSV-260321-405-6986', 1440000.00, '2026-03-21 12:00:00', 'QRIS', 1440000.00, 0.00),
(613, 2, 'INV-CSV-260321-406-7626', 1560000.00, '2026-03-21 12:00:00', 'Cash', 1560000.00, 0.00),
(614, 2, 'INV-CSV-260321-407-2087', 20000.00, '2026-03-21 12:00:00', 'Cash', 20000.00, 0.00),
(615, 2, 'INV-CSV-260321-408-5097', 48000.00, '2026-03-21 12:00:00', 'Cash', 48000.00, 0.00),
(616, 2, 'INV-CSV-260322-409-8129', 1740000.00, '2026-03-22 12:00:00', 'Cash', 1740000.00, 0.00),
(617, 2, 'INV-CSV-260322-410-8134', 1950000.00, '2026-03-22 12:00:00', 'QRIS', 1950000.00, 0.00),
(618, 2, 'INV-CSV-260322-411-4077', 630000.00, '2026-03-22 12:00:00', 'Cash', 630000.00, 0.00),
(619, 2, 'INV-CSV-260322-412-9444', 1980000.00, '2026-03-22 12:00:00', 'Cash', 1980000.00, 0.00),
(620, 2, 'INV-CSV-260322-413-2997', 80000.00, '2026-03-22 12:00:00', 'Cash', 80000.00, 0.00),
(621, 2, 'INV-CSV-260323-414-5722', 80000.00, '2026-03-23 12:00:00', 'Transfer', 80000.00, 0.00),
(622, 2, 'INV-CSV-260323-415-4864', 750000.00, '2026-03-23 12:00:00', 'QRIS', 750000.00, 0.00),
(623, 2, 'INV-CSV-260323-416-3150', 585000.00, '2026-03-23 12:00:00', 'Transfer', 585000.00, 0.00),
(624, 2, 'INV-CSV-260323-417-2176', 2050000.00, '2026-03-23 12:00:00', 'Cash', 2050000.00, 0.00),
(625, 2, 'INV-CSV-260323-418-2124', 15000.00, '2026-03-23 12:00:00', 'Transfer', 15000.00, 0.00),
(626, 2, 'INV-CSV-260323-419-6250', 60000.00, '2026-03-23 12:00:00', 'QRIS', 60000.00, 0.00),
(627, 2, 'INV-CSV-260323-420-3647', 850000.00, '2026-03-23 12:00:00', 'Cash', 850000.00, 0.00),
(628, 2, 'INV-CSV-260323-421-3502', 900000.00, '2026-03-23 12:00:00', 'Cash', 900000.00, 0.00),
(629, 2, 'INV-CSV-260323-422-2576', 80000.00, '2026-03-23 12:00:00', 'Cash', 80000.00, 0.00),
(630, 2, 'INV-CSV-260323-423-5480', 2280000.00, '2026-03-23 12:00:00', 'Transfer', 2280000.00, 0.00),
(631, 2, 'INV-CSV-260323-424-6284', 10000.00, '2026-03-23 12:00:00', 'QRIS', 10000.00, 0.00),
(632, 2, 'INV-CSV-260323-425-8494', 2460000.00, '2026-03-23 12:00:00', 'Cash', 2460000.00, 0.00),
(633, 2, 'INV-CSV-260324-426-4817', 20000.00, '2026-03-24 12:00:00', 'Cash', 20000.00, 0.00),
(634, 2, 'INV-CSV-260324-427-6599', 60000.00, '2026-03-24 12:00:00', 'QRIS', 60000.00, 0.00),
(635, 2, 'INV-CSV-260324-428-1801', 60000.00, '2026-03-24 12:00:00', 'Cash', 60000.00, 0.00),
(636, 2, 'INV-CSV-260324-429-8055', 12000.00, '2026-03-24 12:00:00', 'QRIS', 12000.00, 0.00),
(637, 2, 'INV-CSV-260324-430-6320', 1100000.00, '2026-03-24 12:00:00', 'Cash', 1100000.00, 0.00),
(638, 2, 'INV-CSV-260324-431-5496', 48000.00, '2026-03-24 12:00:00', 'QRIS', 48000.00, 0.00),
(639, 2, 'INV-CSV-260325-432-3282', 750000.00, '2026-03-25 12:00:00', 'QRIS', 750000.00, 0.00),
(640, 2, 'INV-CSV-260325-433-5950', 10000.00, '2026-03-25 12:00:00', 'QRIS', 10000.00, 0.00),
(641, 2, 'INV-CSV-260325-434-7209', 950000.00, '2026-03-25 12:00:00', 'Cash', 950000.00, 0.00),
(642, 2, 'INV-CSV-260325-435-9376', 40000.00, '2026-03-25 12:00:00', 'Cash', 40000.00, 0.00),
(643, 2, 'INV-CSV-260325-436-7541', 80000.00, '2026-03-25 12:00:00', 'Cash', 80000.00, 0.00),
(644, 2, 'INV-CSV-260325-437-7593', 10000.00, '2026-03-25 12:00:00', 'Cash', 10000.00, 0.00),
(645, 2, 'INV-CSV-260325-438-5828', 1250000.00, '2026-03-25 12:00:00', 'QRIS', 1250000.00, 0.00),
(646, 2, 'INV-CSV-260326-439-4606', 10000.00, '2026-03-26 12:00:00', 'Cash', 10000.00, 0.00),
(647, 2, 'INV-CSV-260326-440-5799', 1440000.00, '2026-03-26 12:00:00', 'Cash', 1440000.00, 0.00),
(648, 2, 'INV-CSV-260326-441-8685', 1500000.00, '2026-03-26 12:00:00', 'Cash', 1500000.00, 0.00),
(649, 2, 'INV-CSV-260326-442-4496', 12000.00, '2026-03-26 12:00:00', 'Cash', 12000.00, 0.00),
(650, 2, 'INV-CSV-260326-443-7240', 1400000.00, '2026-03-26 12:00:00', 'QRIS', 1400000.00, 0.00),
(651, 2, 'INV-CSV-260327-444-5305', 60000.00, '2026-03-27 12:00:00', 'Transfer', 60000.00, 0.00),
(652, 2, 'INV-CSV-260327-445-1354', 36000.00, '2026-03-27 12:00:00', 'Cash', 36000.00, 0.00),
(653, 2, 'INV-CSV-260327-446-5735', 525000.00, '2026-03-27 12:00:00', 'QRIS', 525000.00, 0.00),
(654, 2, 'INV-CSV-260327-447-3848', 60000.00, '2026-03-27 12:00:00', 'Cash', 60000.00, 0.00),
(655, 2, 'INV-CSV-260327-448-7871', 48000.00, '2026-03-27 12:00:00', 'Transfer', 48000.00, 0.00),
(656, 2, 'INV-CSV-260328-449-9068', 10000.00, '2026-03-28 12:00:00', 'QRIS', 10000.00, 0.00),
(657, 2, 'INV-CSV-260328-450-3865', 2050000.00, '2026-03-28 12:00:00', 'QRIS', 2050000.00, 0.00),
(658, 2, 'INV-CSV-260328-451-2407', 40000.00, '2026-03-28 12:00:00', 'QRIS', 40000.00, 0.00),
(659, 2, 'INV-CSV-260328-452-2706', 1920000.00, '2026-03-28 12:00:00', 'QRIS', 1920000.00, 0.00),
(660, 2, 'INV-CSV-260328-453-5394', 10000.00, '2026-03-28 12:00:00', 'Cash', 10000.00, 0.00),
(661, 2, 'INV-CSV-260328-454-6559', 675000.00, '2026-03-28 12:00:00', 'Cash', 675000.00, 0.00),
(662, 2, 'INV-CSV-260328-455-1814', 1980000.00, '2026-03-28 12:00:00', 'Cash', 1980000.00, 0.00),
(663, 2, 'INV-CSV-260328-456-5597', 1320000.00, '2026-03-28 12:00:00', 'Cash', 1320000.00, 0.00),
(664, 2, 'INV-CSV-260328-457-7493', 1700000.00, '2026-03-28 12:00:00', 'Cash', 1700000.00, 0.00),
(665, 2, 'INV-CSV-260328-458-4226', 1140000.00, '2026-03-28 12:00:00', 'Cash', 1140000.00, 0.00),
(666, 2, 'INV-CSV-260328-459-9033', 12000.00, '2026-03-28 12:00:00', 'Cash', 12000.00, 0.00),
(667, 2, 'INV-CSV-260329-460-1704', 60000.00, '2026-03-29 12:00:00', 'Cash', 60000.00, 0.00),
(668, 2, 'INV-CSV-260329-461-6669', 40000.00, '2026-03-29 12:00:00', 'Cash', 40000.00, 0.00),
(669, 2, 'INV-CSV-260329-462-7393', 45000.00, '2026-03-29 12:00:00', 'Cash', 45000.00, 0.00),
(670, 2, 'INV-CSV-260329-463-1395', 1600000.00, '2026-03-29 12:00:00', 'Transfer', 1600000.00, 0.00),
(671, 2, 'INV-CSV-260329-464-2549', 60000.00, '2026-03-29 12:00:00', 'Cash', 60000.00, 0.00),
(672, 2, 'INV-CSV-260329-465-1613', 45000.00, '2026-03-29 12:00:00', 'Cash', 45000.00, 0.00),
(673, 2, 'INV-CSV-260329-466-5019', 80000.00, '2026-03-29 12:00:00', 'Cash', 80000.00, 0.00),
(674, 2, 'INV-CSV-260330-467-8597', 60000.00, '2026-03-30 12:00:00', 'Cash', 60000.00, 0.00),
(675, 2, 'INV-CSV-260330-468-4052', 40000.00, '2026-03-30 12:00:00', 'Cash', 40000.00, 0.00),
(676, 2, 'INV-CSV-260330-469-8127', 30000.00, '2026-03-30 12:00:00', 'Cash', 30000.00, 0.00),
(677, 2, 'INV-CSV-260330-470-4395', 80000.00, '2026-03-30 12:00:00', 'Cash', 80000.00, 0.00),
(678, 2, 'INV-CSV-260330-471-9152', 10000.00, '2026-03-30 12:00:00', 'Cash', 10000.00, 0.00),
(679, 2, 'INV-CSV-260330-472-8425', 12000.00, '2026-03-30 12:00:00', 'Transfer', 12000.00, 0.00),
(680, 2, 'INV-CSV-260331-473-8022', 10000.00, '2026-03-31 12:00:00', 'Cash', 10000.00, 0.00),
(681, 2, 'INV-CSV-260331-474-7387', 20000.00, '2026-03-31 12:00:00', 'QRIS', 20000.00, 0.00),
(682, 2, 'INV-CSV-260331-475-7566', 570000.00, '2026-03-31 12:00:00', 'Cash', 570000.00, 0.00),
(683, 2, 'INV-CSV-260331-476-6159', 15000.00, '2026-03-31 12:00:00', 'Cash', 15000.00, 0.00),
(684, 2, 'INV-CSV-260331-477-3401', 40000.00, '2026-03-31 12:00:00', 'Cash', 40000.00, 0.00),
(685, 2, 'INV-CSV-260331-478-1741', 10000.00, '2026-03-31 12:00:00', 'Cash', 10000.00, 0.00),
(686, 2, 'INV-CSV-260331-479-9179', 48000.00, '2026-03-31 12:00:00', 'QRIS', 48000.00, 0.00),
(687, 2, 'INV-CSV-260331-480-3877', 510000.00, '2026-03-31 12:00:00', 'Cash', 510000.00, 0.00),
(688, 2, 'INV-CSV-260331-481-4464', 2280000.00, '2026-03-31 12:00:00', 'Cash', 2280000.00, 0.00),
(689, 2, 'INV-CSV-260331-482-3217', 20000.00, '2026-03-31 12:00:00', 'Cash', 20000.00, 0.00),
(690, 2, 'INV-CSV-260331-483-7150', 30000.00, '2026-03-31 12:00:00', 'Cash', 30000.00, 0.00),
(691, 2, 'INV-CSV-260331-484-3897', 1800000.00, '2026-03-31 12:00:00', 'QRIS', 1800000.00, 0.00),
(692, 2, 'INV-CSV-260401-485-2166', 15000.00, '2026-04-01 12:00:00', 'Cash', 15000.00, 0.00),
(693, 2, 'INV-CSV-260401-486-7392', 10000.00, '2026-04-01 12:00:00', 'Cash', 10000.00, 0.00),
(694, 2, 'INV-CSV-260401-487-3164', 50000.00, '2026-04-01 12:00:00', 'Cash', 50000.00, 0.00),
(695, 2, 'INV-CSV-260401-488-4653', 15000.00, '2026-04-01 12:00:00', 'Transfer', 15000.00, 0.00),
(696, 2, 'INV-CSV-260401-489-7695', 30000.00, '2026-04-01 12:00:00', 'Cash', 30000.00, 0.00),
(697, 2, 'INV-CSV-260401-490-9249', 100000.00, '2026-04-01 12:00:00', 'QRIS', 100000.00, 0.00),
(698, 2, 'INV-CSV-260402-491-1200', 50000.00, '2026-04-02 12:00:00', 'QRIS', 50000.00, 0.00),
(699, 2, 'INV-CSV-260402-492-9983', 240000.00, '2026-04-02 12:00:00', 'Cash', 240000.00, 0.00),
(700, 2, 'INV-CSV-260402-493-8261', 15000.00, '2026-04-02 12:00:00', 'QRIS', 15000.00, 0.00),
(701, 2, 'INV-CSV-260402-494-8137', 240000.00, '2026-04-02 12:00:00', 'Cash', 240000.00, 0.00),
(702, 2, 'INV-CSV-260402-495-5707', 40000.00, '2026-04-02 12:00:00', 'Cash', 40000.00, 0.00),
(703, 2, 'INV-CSV-260402-496-5765', 36000.00, '2026-04-02 12:00:00', 'Cash', 36000.00, 0.00),
(704, 2, 'INV-CSV-260403-497-8462', 40000.00, '2026-04-03 12:00:00', 'Cash', 40000.00, 0.00),
(705, 2, 'INV-CSV-260403-498-4054', 36000.00, '2026-04-03 12:00:00', 'Cash', 36000.00, 0.00),
(706, 2, 'INV-CSV-260403-499-6139', 200000.00, '2026-04-03 12:00:00', 'Cash', 200000.00, 0.00),
(707, 2, 'INV-CSV-260403-500-8638', 100000.00, '2026-04-03 12:00:00', 'Transfer', 100000.00, 0.00),
(708, 2, 'INV-CSV-260403-501-2502', 180000.00, '2026-04-03 12:00:00', 'QRIS', 180000.00, 0.00),
(709, 2, 'INV-CSV-260403-502-7578', 240000.00, '2026-04-03 12:00:00', 'Cash', 240000.00, 0.00),
(710, 2, 'INV-CSV-260404-503-6912', 240000.00, '2026-04-04 12:00:00', 'Transfer', 240000.00, 0.00),
(711, 2, 'INV-CSV-260404-504-5320', 20000.00, '2026-04-04 12:00:00', 'Cash', 20000.00, 0.00),
(712, 2, 'INV-CSV-260404-505-3741', 20000.00, '2026-04-04 12:00:00', 'Cash', 20000.00, 0.00),
(713, 2, 'INV-CSV-260404-506-5675', 60000.00, '2026-04-04 12:00:00', 'Cash', 60000.00, 0.00),
(714, 2, 'INV-CSV-260404-507-3382', 24000.00, '2026-04-04 12:00:00', 'Cash', 24000.00, 0.00),
(715, 2, 'INV-CSV-260405-508-5279', 15000.00, '2026-04-05 12:00:00', 'Cash', 15000.00, 0.00),
(716, 2, 'INV-CSV-260405-509-4099', 36000.00, '2026-04-05 12:00:00', 'Cash', 36000.00, 0.00),
(717, 2, 'INV-CSV-260405-510-1254', 60000.00, '2026-04-05 12:00:00', 'Cash', 60000.00, 0.00),
(718, 2, 'INV-CSV-260405-511-7232', 100000.00, '2026-04-05 12:00:00', 'QRIS', 100000.00, 0.00),
(719, 2, 'INV-CSV-260406-512-7953', 30000.00, '2026-04-06 12:00:00', 'Cash', 30000.00, 0.00),
(720, 2, 'INV-CSV-260406-513-1190', 10000.00, '2026-04-06 12:00:00', 'Transfer', 10000.00, 0.00),
(721, 2, 'INV-CSV-260407-514-1471', 15000.00, '2026-04-07 12:00:00', 'Cash', 15000.00, 0.00),
(722, 2, 'INV-CSV-260407-515-9341', 15000.00, '2026-04-07 12:00:00', 'Cash', 15000.00, 0.00),
(723, 2, 'INV-CSV-260408-516-3151', 60000.00, '2026-04-08 12:00:00', 'QRIS', 60000.00, 0.00),
(724, 2, 'INV-CSV-260408-517-4481', 120000.00, '2026-04-08 12:00:00', 'Cash', 120000.00, 0.00),
(725, 2, 'INV-CSV-260408-518-1077', 200000.00, '2026-04-08 12:00:00', 'Cash', 200000.00, 0.00),
(726, 2, 'INV-CSV-260408-519-6246', 45000.00, '2026-04-08 12:00:00', 'QRIS', 45000.00, 0.00);
INSERT INTO `transaksi` (`id`, `user_id`, `no_invoice`, `total_bayar`, `tanggal_transaksi`, `metode_pembayaran`, `bayar`, `kembali`) VALUES
(727, 2, 'INV-CSV-260409-520-9511', 60000.00, '2026-04-09 12:00:00', 'QRIS', 60000.00, 0.00),
(728, 2, 'INV-CSV-260409-521-8957', 45000.00, '2026-04-09 12:00:00', 'Cash', 45000.00, 0.00),
(729, 2, 'INV-CSV-260409-522-3514', 200000.00, '2026-04-09 12:00:00', 'Cash', 200000.00, 0.00),
(730, 2, 'INV-CSV-260409-523-6729', 15000.00, '2026-04-09 12:00:00', 'Transfer', 15000.00, 0.00),
(731, 2, 'INV-CSV-260409-524-9005', 40000.00, '2026-04-09 12:00:00', 'Cash', 40000.00, 0.00),
(732, 2, 'INV-CSV-260409-525-5651', 120000.00, '2026-04-09 12:00:00', 'Cash', 120000.00, 0.00),
(733, 2, 'INV-CSV-260410-526-1786', 150000.00, '2026-04-10 12:00:00', 'QRIS', 150000.00, 0.00),
(734, 2, 'INV-CSV-260410-527-1769', 180000.00, '2026-04-10 12:00:00', 'QRIS', 180000.00, 0.00),
(735, 2, 'INV-CSV-260410-528-9567', 150000.00, '2026-04-10 12:00:00', 'Cash', 150000.00, 0.00),
(736, 2, 'INV-CSV-260410-529-6591', 60000.00, '2026-04-10 12:00:00', 'QRIS', 60000.00, 0.00),
(737, 2, 'INV-CSV-260410-530-8762', 40000.00, '2026-04-10 12:00:00', 'Cash', 40000.00, 0.00),
(738, 2, 'INV-1776998319', 750000.00, '2026-04-24 09:38:39', 'QRIS', 800000.00, 50000.00),
(739, 2, 'INV-1777004742', 5175000.00, '2026-04-24 11:25:42', 'QRIS', 5175000.00, 0.00),
(740, 2, 'INV-1777006572', 150000.00, '2026-04-24 11:56:12', 'Cash', 200000.00, 50000.00),
(741, 3, 'INV-1777342231', 150000.00, '2026-04-28 09:10:31', 'Cash', 150000.00, 0.00);

-- --------------------------------------------------------

--
-- Struktur dari tabel `users`
--

CREATE TABLE `users` (
  `id` int(11) NOT NULL,
  `username` varchar(50) NOT NULL,
  `password` varchar(255) NOT NULL,
  `role` enum('owner','kasir') NOT NULL DEFAULT 'owner',
  `owner_id` int(11) DEFAULT NULL,
  `nama_pemilik` varchar(100) NOT NULL,
  `no_hp` varchar(20) DEFAULT NULL,
  `telepon` varchar(20) DEFAULT NULL,
  `security_pin` varchar(255) NOT NULL,
  `nama_toko` varchar(100) DEFAULT NULL,
  `jenis_usaha` varchar(50) DEFAULT NULL,
  `alamat_toko` text DEFAULT NULL,
  `created_at` timestamp NOT NULL DEFAULT current_timestamp()
) ENGINE=InnoDB DEFAULT CHARSET=utf8mb4 COLLATE=utf8mb4_general_ci;

--
-- Dumping data untuk tabel `users`
--

INSERT INTO `users` (`id`, `username`, `password`, `role`, `owner_id`, `nama_pemilik`, `no_hp`, `telepon`, `security_pin`, `nama_toko`, `jenis_usaha`, `alamat_toko`, `created_at`) VALUES
(1, 'zahriyatunnafiah', '$2y$10$yEGq/4GXl7.HuSZA9N1Af.noPsWJlZ/1PSC2Ivp6nDd7GSvX.VPv.', 'owner', NULL, 'Zahriyatun', NULL, '089507148413', '$2y$10$s.WJTqh1trEihoVIzs0e5OBZh0qjCh79FL/STw1J5TevQqV0IXe5G', 'RTA Food', 'Kuliner/Makanan', 'Perum Mutiara Asri Kec. Wagir Kab.Malang', '2026-04-06 08:04:55'),
(2, 'zahriyatun', '$2y$10$C/Aui3JEWsoPvTBMGi0u0uznHpZ3lc5EhF1khrQe1ImlJTWkTCkz.', 'owner', NULL, 'Zahriyatun Nafih', NULL, '089507148413', '$2y$10$4eb5bZ989GERMANrVwqBZu9Rqw25/HLfUgx0duXdeqj3cuFUHp0wa', 'RTA Food', 'Ritel/Toko Kelontong', 'Malang', '2026-04-07 02:45:09'),
(3, 'Budi', '$2y$10$6SQKSgDgc/cUzgpeQH3P1eaaWlZdC7/gHPoz9BDhzC7fkbLmME1Rm', 'kasir', 2, 'Budi', NULL, '085777640380', '', NULL, NULL, NULL, '2026-04-27 05:02:23');

--
-- Indexes for dumped tables
--

--
-- Indeks untuk tabel `analisis_stok`
--
ALTER TABLE `analisis_stok`
  ADD PRIMARY KEY (`id`),
  ADD KEY `barang_id` (`barang_id`);

--
-- Indeks untuk tabel `barang`
--
ALTER TABLE `barang`
  ADD PRIMARY KEY (`id`),
  ADD UNIQUE KEY `kode_barang` (`kode_barang`);

--
-- Indeks untuk tabel `detail_transaksi`
--
ALTER TABLE `detail_transaksi`
  ADD PRIMARY KEY (`id`),
  ADD KEY `barang_id` (`barang_id`),
  ADD KEY `fk_detail_transaksi_id` (`transaksi_id`);

--
-- Indeks untuk tabel `transaksi`
--
ALTER TABLE `transaksi`
  ADD PRIMARY KEY (`id`),
  ADD UNIQUE KEY `no_invoice` (`no_invoice`),
  ADD KEY `user_id` (`user_id`);

--
-- Indeks untuk tabel `users`
--
ALTER TABLE `users`
  ADD PRIMARY KEY (`id`),
  ADD UNIQUE KEY `username` (`username`),
  ADD KEY `fk_owner_kasir` (`owner_id`);

--
-- AUTO_INCREMENT untuk tabel yang dibuang
--

--
-- AUTO_INCREMENT untuk tabel `analisis_stok`
--
ALTER TABLE `analisis_stok`
  MODIFY `id` int(11) NOT NULL AUTO_INCREMENT;

--
-- AUTO_INCREMENT untuk tabel `barang`
--
ALTER TABLE `barang`
  MODIFY `id` int(11) NOT NULL AUTO_INCREMENT, AUTO_INCREMENT=10;

--
-- AUTO_INCREMENT untuk tabel `detail_transaksi`
--
ALTER TABLE `detail_transaksi`
  MODIFY `id` int(11) NOT NULL AUTO_INCREMENT, AUTO_INCREMENT=741;

--
-- AUTO_INCREMENT untuk tabel `transaksi`
--
ALTER TABLE `transaksi`
  MODIFY `id` int(11) NOT NULL AUTO_INCREMENT, AUTO_INCREMENT=742;

--
-- AUTO_INCREMENT untuk tabel `users`
--
ALTER TABLE `users`
  MODIFY `id` int(11) NOT NULL AUTO_INCREMENT, AUTO_INCREMENT=4;

--
-- Ketidakleluasaan untuk tabel pelimpahan (Dumped Tables)
--

--
-- Ketidakleluasaan untuk tabel `analisis_stok`
--
ALTER TABLE `analisis_stok`
  ADD CONSTRAINT `analisis_stok_ibfk_1` FOREIGN KEY (`barang_id`) REFERENCES `barang` (`id`) ON DELETE CASCADE;

--
-- Ketidakleluasaan untuk tabel `detail_transaksi`
--
ALTER TABLE `detail_transaksi`
  ADD CONSTRAINT `detail_transaksi_ibfk_1` FOREIGN KEY (`transaksi_id`) REFERENCES `transaksi` (`id`) ON DELETE CASCADE,
  ADD CONSTRAINT `detail_transaksi_ibfk_2` FOREIGN KEY (`barang_id`) REFERENCES `barang` (`id`) ON DELETE CASCADE,
  ADD CONSTRAINT `fk_detail_transaksi_id` FOREIGN KEY (`transaksi_id`) REFERENCES `transaksi` (`id`) ON DELETE CASCADE ON UPDATE CASCADE;

--
-- Ketidakleluasaan untuk tabel `transaksi`
--
ALTER TABLE `transaksi`
  ADD CONSTRAINT `transaksi_ibfk_1` FOREIGN KEY (`user_id`) REFERENCES `users` (`id`) ON DELETE SET NULL;

--
-- Ketidakleluasaan untuk tabel `users`
--
ALTER TABLE `users`
  ADD CONSTRAINT `fk_owner_kasir` FOREIGN KEY (`owner_id`) REFERENCES `users` (`id`) ON DELETE CASCADE ON UPDATE CASCADE;
COMMIT;

/*!40101 SET CHARACTER_SET_CLIENT=@OLD_CHARACTER_SET_CLIENT */;
/*!40101 SET CHARACTER_SET_RESULTS=@OLD_CHARACTER_SET_RESULTS */;
/*!40101 SET COLLATION_CONNECTION=@OLD_COLLATION_CONNECTION */;
